x,y,lumo kx,lumo ky,lumo kz,homo kx,homo ky,homo kz
-0.1640828755433624,38.26348506915434,-0.32142857142857145,-0.35714285714285715,0.0,-0.32142857142857145,-0.32142857142857145,0.0
-0.40456291907010633,34.960125906446486,-0.32142857142857145,-0.35714285714285715,0.0,0.32142857142857145,0.32142857142857145,0.0
-0.6447316210749431,31.658104551085366,0.32142857142857145,0.35714285714285715,0.0,-0.32142857142857145,-0.32142857142857145,0.0
-0.8834970783942216,28.356652540559455,-0.32142857142857145,-0.35714285714285715,0.0,0.32142857142857145,0.32142857142857145,0.0
-1.1206425035663095,25.05466819019573,0.32142857142857145,0.35714285714285715,0.0,0.32142857142857145,0.32142857142857145,0.0
-1.355829012765809,21.752031758312064,0.32142857142857145,0.35714285714285715,0.0,0.32142857142857145,0.32142857142857145,0.0
-1.5299019318073648,59.97841001974765,-0.35714285714285715,-0.32142857142857145,0.0,0.32142857142857145,0.32142857142857145,0.0
-1.5881944164866197,18.447945390631062,-0.32142857142857145,-0.35714285714285715,0.0,-0.32142857142857145,-0.32142857142857145,0.0
-1.7477607723335515,56.663484484219055,0.35714285714285715,0.32142857142857145,0.0,-0.32142857142857145,-0.32142857142857145,0.0
-1.817670496042699,15.140866468462924,-0.32142857142857145,-0.35714285714285715,0.0,-0.32142857142857145,-0.35714285714285715,0.0
-1.9690179781418604,53.349839216258445,0.35714285714285715,0.32142857142857145,0.0,-0.32142857142857145,-0.32142857142857145,0.0
-10.071059466971876,20.663501473767433,0.32142857142857145,0.35714285714285715,0.0,0.32142857142857145,0.32142857142857145,0.0
-10.214824742840193,58.94550908841624,0.32142857142857145,0.32142857142857145,0.0,-0.35714285714285715,-0.32142857142857145,0.0
-10.433866476359082,55.62958587619387,0.32142857142857145,0.32142857142857145,0.0,0.35714285714285715,0.32142857142857145,0.0
-10.658362207375568,52.31600952262273,0.32142857142857145,0.32142857142857145,0.0,-0.35714285714285715,-0.32142857142857145,0.0
-10.888717962840243,49.00560578261068,0.32142857142857145,0.32142857142857145,0.0,0.35714285714285715,0.32142857142857145,0.0
-11.124396576959063,45.69636006705383,0.32142857142857145,0.32142857142857145,0.0,-0.35714285714285715,-0.32142857142857145,0.0
-11.363992122228872,42.38675636211368,0.32142857142857145,0.32142857142857145,0.0,-0.32142857142857145,-0.35714285714285715,0.0
-11.604546900802664,39.075581432862094,-0.32142857142857145,-0.32142857142857145,0.0,-0.32142857142857145,-0.35714285714285715,0.0
-11.845724640550728,35.76274679692133,0.32142857142857145,0.35714285714285715,0.0,0.32142857142857145,0.32142857142857145,0.0
-12.087832262310693,32.449150796391834,-0.32142857142857145,-0.35714285714285715,0.0,0.32142857142857145,0.32142857142857145,0.0
-12.329848532338708,29.135202736111477,0.32142857142857145,0.35714285714285715,0.0,0.32142857142857145,0.32142857142857145,0.0
-12.571241736164295,25.8210976037817,0.32142857142857145,0.35714285714285715,0.0,-0.32142857142857145,-0.32142857142857145,0.0
-12.812170357256784,22.50659266658713,-0.32142857142857145,-0.35714285714285715,0.0,-0.32142857142857145,-0.32142857142857145,0.0
-12.964690158810383,60.81057550269455,0.32142857142857145,0.32142857142857145,0.0,-0.35714285714285715,-0.32142857142857145,0.0
-13.181742252464657,57.49280626459002,-0.32142857142857145,-0.32142857142857145,0.0,0.35714285714285715,0.32142857142857145,0.0
-13.403113836779434,54.176584641865894,0.32142857142857145,0.32142857142857145,0.0,0.35714285714285715,0.32142857142857145,0.0
-13.630894452778604,50.86318028782009,-0.32142857142857145,-0.32142857142857145,0.0,0.35714285714285715,0.32142857142857145,0.0
-13.864307219433888,47.551851260361765,-0.32142857142857145,-0.32142857142857145,0.0,-0.35714285714285715,-0.32142857142857145,0.0
-14.10230030557129,44.239901226943175,-0.32142857142857145,-0.32142857142857145,0.0,0.32142857142857145,0.35714285714285715,0.0
-14.342807808116275,40.92678983802491,0.32142857142857145,0.32142857142857145,0.0,0.32142857142857145,0.35714285714285715,0.0
-14.58373083967219,37.61225717080305,0.32142857142857145,0.32142857142857145,0.0,-0.32142857142857145,-0.35714285714285715,0.0
-14.825590904186285,34.297181344729005,0.32142857142857145,0.32142857142857145,0.0,0.32142857142857145,0.32142857142857145,0.0
-15.068066143684483,30.981842692596736,0.32142857142857145,0.35714285714285715,0.0,-0.32142857142857145,-0.32142857142857145,0.0
-15.309897709416354,27.666756996795254,0.32142857142857145,0.35714285714285715,0.0,-0.32142857142857145,-0.32142857142857145,0.0
-15.930831092248715,59.355012668935316,0.32142857142857145,0.32142857142857145,0.0,0.35714285714285715,0.32142857142857145,0.0
-16.149352239778427,56.03620190991004,0.32142857142857145,0.32142857142857145,0.0,-0.35714285714285715,-0.32142857142857145,0.0
-16.374139050579572,52.71942738710909,-0.32142857142857145,-0.32142857142857145,0.0,0.35714285714285715,0.32142857142857145,0.0
-16.605256878736082,49.40497619300597,0.32142857142857145,0.32142857142857145,0.0,0.35714285714285715,0.32142857142857145,0.0
-16.84121709934741,46.09132341222479,0.32142857142857145,0.32142857142857145,0.0,0.32142857142857145,0.35714285714285715,0.0
-17.080793822727735,42.776630077833275,-0.32142857142857145,-0.32142857142857145,0.0,-0.32142857142857145,-0.35714285714285715,0.0
-17.321654304248472,39.46113123799154,0.32142857142857145,0.32142857142857145,0.0,-0.32142857142857145,-0.35714285714285715,0.0
-17.56317779538262,36.145164837487435,0.32142857142857145,0.32142857142857145,0.0,-0.32142857142857145,-0.35714285714285715,0.0
-17.805339495032058,32.829174534011564,0.35714285714285715,0.32142857142857145,0.0,0.32142857142857145,0.32142857142857145,0.0
-18.681475925123223,61.21633780943722,0.32142857142857145,0.32142857142857145,0.0,-0.35714285714285715,-0.32142857142857145,0.0
-18.89822963856034,57.89419836055047,-0.32142857142857145,-0.32142857142857145,0.0,-0.35714285714285715,-0.32142857142857145,0.0
-19.119526354810535,54.574029185434284,0.32142857142857145,0.32142857142857145,0.0,-0.35714285714285715,-0.32142857142857145,0.0
-19.347944109257153,51.25623861907013,0.32142857142857145,0.32142857142857145,0.0,-0.35714285714285715,-0.32142857142857145,0.0
-19.581703014137716,47.94049736616868,0.32142857142857145,0.32142857142857145,0.0,0.32142857142857145,0.35714285714285715,0.0
-19.81937121631283,44.624939461855135,0.32142857142857145,0.32142857142857145,0.0,0.32142857142857145,0.35714285714285715,0.0
-2.0443182792115584,11.829154150816493,-0.32142857142857145,-0.35714285714285715,0.0,-0.32142857142857145,-0.35714285714285715,0.0
-2.1953989011123345,50.039803707477226,0.35714285714285715,0.32142857142857145,0.0,0.32142857142857145,0.32142857142857145,0.0
-2.2676167131340628,8.511273261726226,-0.32142857142857145,-0.35714285714285715,0.0,0.32142857142857145,0.35714285714285715,0.0
-2.4278243456414246,46.73312688536754,0.35714285714285715,0.32142857142857145,0.0,-0.32142857142857145,-0.32142857142857145,0.0
-2.4870308972560946,5.187042370998901,0.32142857142857145,0.35714285714285715,0.0,0.32142857142857145,0.35714285714285715,0.0
-2.6654769905566207,43.42786677454778,-0.35714285714285715,-0.32142857142857145,0.0,-0.32142857142857145,-0.32142857142857145,0.0
-2.9053936091676538,40.1228319755074,0.32142857142857145,0.35714285714285715,0.0,-0.32142857142857145,-0.32142857142857145,0.0
-20.05973899702444,41.30914812289827,-0.32142857142857145,-0.32142857142857145,0.0,0.32142857142857145,0.35714285714285715,0.0
-20.30081290611156,37.99278494531105,0.32142857142857145,0.32142857142857145,0.0,-0.32142857142857145,-0.35714285714285715,0.0
-21.650730456514538,59.7513505602302,0.32142857142857145,0.32142857142857145,0.0,0.35714285714285715,0.32142857142857145,0.0
-21.869350822031045,56.42729582888502,0.32142857142857145,0.32142857142857145,0.0,-0.32142857142857145,-0.35714285714285715,0.0
-22.09386681159956,53.10604022663155,0.32142857142857145,0.32142857142857145,0.0,0.32142857142857145,0.35714285714285715,0.0
-22.324866428463483,49.78765512063734,0.32142857142857145,0.32142857142857145,0.0,0.32142857142857145,0.35714285714285715,0.0
-22.560209596406914,46.471221226544536,0.32142857142857145,0.32142857142857145,0.0,0.32142857142857145,0.35714285714285715,0.0
-22.7986880672808,43.15558270614323,0.32142857142857145,0.32142857142857145,0.0,-0.32142857142857145,-0.35714285714285715,0.0
-24.40792427830078,61.6072345991281,-0.32142857142857145,-0.32142857142857145,0.0,0.32142857142857145,0.32142857142857145,0.0
-24.624845526335758,58.2802199307664,-0.32142857142857145,-0.32142857142857145,0.0,-0.32142857142857145,-0.32142857142857145,0.0
-24.84577770787062,54.95526427622611,-0.32142857142857145,-0.32142857142857145,0.0,0.32142857142857145,0.32142857142857145,0.0
-25.072810684496865,51.63317860829296,-0.32142857142857145,-0.32142857142857145,0.0,0.32142857142857145,0.35714285714285715,0.0
-25.304963977279904,48.31509712537131,0.32142857142857145,0.32142857142857145,0.0,0.35714285714285715,0.32142857142857145,0.0
-25.54080577738075,44.99953379709496,-0.32142857142857145,-0.32142857142857145,0.0,0.32142857142857145,0.35714285714285715,0.0
-27.387307049526193,60.133825553671535,0.32142857142857145,0.32142857142857145,0.0,-0.32142857142857145,-0.32142857142857145,0.0
-27.605512869948956,56.80531757506842,-0.32142857142857145,-0.32142857142857145,0.0,-0.32142857142857145,-0.32142857142857145,0.0
-27.828045167941042,53.47971447391311,0.32142857142857145,0.32142857142857145,0.0,0.32142857142857145,0.32142857142857145,0.0
-28.055627645372567,50.15847877874605,-0.32142857142857145,-0.32142857142857145,0.0,0.32142857142857145,0.32142857142857145,0.0
-3.1459022437662547,36.81735942524366,-0.32142857142857145,-0.35714285714285715,0.0,-0.32142857142857145,-0.32142857142857145,0.0
-3.3869145112623333,33.51252041995837,0.32142857142857145,0.35714285714285715,0.0,-0.32142857142857145,-0.32142857142857145,0.0
-3.6277317969793126,30.20814576073733,0.32142857142857145,0.35714285714285715,0.0,0.32142857142857145,0.32142857142857145,0.0
-3.8671223528521703,26.90335439491939,0.32142857142857145,0.35714285714285715,0.0,0.32142857142857145,0.32142857142857145,0.0
-30.156815940030736,61.987383092141975,-0.32142857142857145,-0.32142857142857145,0.0,0.32142857142857145,0.32142857142857145,0.0
-30.373214613801686,58.65641209390043,0.32142857142857145,0.32142857142857145,0.0,0.32142857142857145,0.32142857142857145,0.0
-30.591704090286434,55.32764197189485,0.32142857142857145,0.32142857142857145,0.0,0.32142857142857145,0.32142857142857145,0.0
-33.14720169023705,60.508993023863255,-0.32142857142857145,-0.32142857142857145,0.0,0.32142857142857145,0.32142857142857145,0.0
-4.104830809270963,23.59748615853684,0.32142857142857145,0.35714285714285715,0.0,-0.32142857142857145,-0.32142857142857145,0.0
-4.2805711564010105,61.84508675805658,0.32142857142857145,0.35714285714285715,0.0,0.32142857142857145,0.32142857142857145,0.0
-4.34121669402152,20.290248851680477,-0.32142857142857145,-0.35714285714285715,0.0,-0.32142857142857145,-0.32142857142857145,0.0
-4.497755553834627,58.529542212587465,0.32142857142857145,0.35714285714285715,0.0,-0.32142857142857145,-0.32142857142857145,0.0
-4.575362200666688,16.981791195023344,-0.32142857142857145,-0.35714285714285715,0.0,0.32142857142857145,0.32142857142857145,0.0
-4.71698005139863,55.21487088008559,0.35714285714285715,0.32142857142857145,0.0,0.32142857142857145,0.32142857142857145,0.0
-4.807268709389452,13.670695004328733,-0.32142857142857145,-0.35714285714285715,0.0,0.32142857142857145,0.35714285714285715,0.0
-4.941057500297732,51.902610785582816,-0.35714285714285715,-0.32142857142857145,0.0,-0.32142857142857145,-0.32142857142857145,0.0
-5.035591083200927,10.355460654771187,0.32142857142857145,0.35714285714285715,0.0,0.32142857142857145,0.35714285714285715,0.0
-5.170913196945467,48.59423273875429,-0.32142857142857145,-0.32142857142857145,0.0,0.32142857142857145,0.32142857142857145,0.0
-5.406531620126456,45.287615014384556,0.32142857142857145,0.32142857142857145,0.0,0.32142857142857145,0.32142857142857145,0.0
-5.645677631374495,41.98163070039882,-0.32142857142857145,-0.32142857142857145,0.0,0.32142857142857145,0.32142857142857145,0.0
-5.885690681952032,38.675067719641206,0.32142857142857145,0.35714285714285715,0.0,0.32142857142857145,0.32142857142857145,0.0
-6.126892573593443,35.36790820419584,0.32142857142857145,0.35714285714285715,0.0,0.32142857142857145,0.32142857142857145,0.0
-6.368693381650155,32.06038694187031,-0.32142857142857145,-0.35714285714285715,0.0,-0.32142857142857145,-0.32142857142857145,0.0
-6.60973812091104,28.75234302703396,-0.32142857142857145,-0.35714285714285715,0.0,0.32142857142857145,0.32142857142857145,0.0
-6.8492320905765975,25.443249428710452,0.32142857142857145,0.35714285714285715,0.0,-0.32142857142857145,-0.32142857142857145,0.0
-7.0881130959426235,22.13290430731062,0.32142857142857145,0.35714285714285715,0.0,-0.32142857142857145,-0.32142857142857145,0.0
-7.248146561261184,60.395993449094945,-0.32142857142857145,-0.35714285714285715,0.0,-0.35714285714285715,-0.32142857142857145,0.0
-7.326106680685969,18.822175913428975,0.32142857142857145,0.35714285714285715,0.0,-0.32142857142857145,-0.32142857142857145,0.0
-7.465632347106215,57.080267608984784,-0.32142857142857145,-0.32142857142857145,0.0,-0.35714285714285715,-0.32142857142857145,0.0
-7.5621289758333745,15.510569472745477,-0.32142857142857145,-0.35714285714285715,0.0,-0.32142857142857145,-0.35714285714285715,0.0
-7.687099910067972,53.76604191043314,0.32142857142857145,0.32142857142857145,0.0,-0.35714285714285715,-0.32142857142857145,0.0
-7.914272353691322,50.4551583774845,-0.32142857142857145,-0.32142857142857145,0.0,0.35714285714285715,0.32142857142857145,0.0
-8.147297654824312,47.14697233549397,-0.32142857142857145,-0.32142857142857145,0.0,-0.35714285714285715,-0.32142857142857145,0.0
-8.385131880425195,43.839465396841504,0.32142857142857145,0.32142857142857145,0.0,-0.35714285714285715,-0.32142857142857145,0.0
-8.625143965580781,40.53164699782123,0.32142857142857145,0.32142857142857145,0.0,-0.35714285714285715,-0.32142857142857145,0.0
-8.865892763250708,37.222508442139585,-0.32142857142857145,-0.35714285714285715,0.0,-0.32142857142857145,-0.32142857142857145,0.0
-9.10769018286872,33.91221240368899,0.32142857142857145,0.35714285714285715,0.0,0.32142857142857145,0.32142857142857145,0.0
-9.349448403305148,30.6009963905471,0.32142857142857145,0.35714285714285715,0.0,-0.32142857142857145,-0.32142857142857145,0.0
-9.59062956621578,27.28902576979095,-0.32142857142857145,-0.35714285714285715,0.0,0.32142857142857145,0.32142857142857145,0.0
-9.831054482732403,23.976494394399474,0.32142857142857145,0.35714285714285715,0.0,0.32142857142857145,0.32142857142857145,0.0
-9.998229475983516,62.262402015305874,0.32142857142857145,0.35714285714285715,0.0,-0.35714285714285715,-0.32142857142857145,0.0
0.07557357204326692,0.005387994917833353,0.32142857142857145,0.35714285714285715,0.0,-0.32142857142857145,-0.32142857142857145,0.0
0.07613580251320155,41.56765491709708,-0.35714285714285715,-0.32142857142857145,0.0,-0.32142857142857145,-0.32142857142857145,0.0
0.2903968106625696,3.336934598012106,-0.32142857142857145,-0.35714285714285715,0.0,-0.32142857142857145,-0.35714285714285715,0.0
0.3148635054650498,44.87194378775147,0.35714285714285715,0.32142857142857145,0.0,-0.32142857142857145,-0.32142857142857145,0.0
0.5067717411351134,6.664075011427765,-0.32142857142857145,-0.35714285714285715,0.0,0.32142857142857145,0.35714285714285715,0.0
0.5496854126536409,48.17762790657914,-0.35714285714285715,-0.32142857142857145,0.0,0.32142857142857145,0.32142857142857145,0.0
0.725268178104839,9.98457041350319,0.32142857142857145,0.35714285714285715,0.0,0.32142857142857145,0.35714285714285715,0.0
0.7784565035759737,51.485682176152714,0.35714285714285715,0.32142857142857145,0.0,-0.32142857142857145,-0.32142857142857145,0.0
0.9470250860849762,13.298206244829725,0.32142857142857145,0.35714285714285715,0.0,0.32142857142857145,0.35714285714285715,0.0
1.0016728460300028,54.79756745328044,-0.35714285714285715,-0.32142857142857145,0.0,0.32142857142857145,0.32142857142857145,0.0
1.1717129852540404,16.604860581977942,0.32142857142857145,0.35714285714285715,0.0,-0.32142857142857145,-0.32142857142857145,0.0
1.2210608100682245,58.11172342569523,0.35714285714285715,0.32142857142857145,0.0,-0.32142857142857145,-0.32142857142857145,0.0
1.3996825031317839,19.907258672313468,-0.32142857142857145,-0.35714285714285715,0.0,0.32142857142857145,0.32142857142857145,0.0
1.4384917236879067,61.426400837634056,0.35714285714285715,0.32142857142857145,0.0,-0.32142857142857145,-0.32142857142857145,0.0
1.6310081260297125,23.207616584561908,0.32142857142857145,0.35714285714285715,0.0,0.32142857142857145,0.32142857142857145,0.0
1.8651594601374055,26.507175353812926,-0.32142857142857145,-0.35714285714285715,0.0,-0.32142857142857145,-0.32142857142857145,0.0
10.141990610773394,20.968412156268208,0.32142857142857145,0.35714285714285715,0.0,0.35714285714285715,0.32142857142857145,0.0
10.371691729228028,24.26382853840343,0.32142857142857145,0.35714285714285715,0.0,0.35714285714285715,0.32142857142857145,0.0
10.602990753176242,27.55890150256007,0.32142857142857145,0.35714285714285715,0.0,-0.35714285714285715,-0.32142857142857145,0.0
10.834937002564905,30.85378652519223,0.32142857142857145,0.32142857142857145,0.0,-0.35714285714285715,-0.32142857142857145,0.0
11.067219175339675,34.14949767536418,-0.32142857142857145,-0.32142857142857145,0.0,-0.32142857142857145,-0.32142857142857145,0.0
11.300094904131726,37.446485326882836,0.35714285714285715,0.32142857142857145,0.0,-0.32142857142857145,-0.32142857142857145,0.0
11.532850476086821,40.74497574817341,0.35714285714285715,0.32142857142857145,0.0,-0.32142857142857145,-0.32142857142857145,0.0
11.765218382612403,44.04466085652204,-0.35714285714285715,-0.32142857142857145,0.0,-0.32142857142857145,-0.32142857142857145,0.0
11.807765298239666,2.5772784664340946,-0.32142857142857145,-0.32142857142857145,0.0,0.32142857142857145,0.32142857142857145,0.0
11.996191006836783,47.346384058905755,0.35714285714285715,0.32142857142857145,0.0,-0.32142857142857145,-0.32142857142857145,0.0
12.021539306726437,5.900080922402693,-0.32142857142857145,-0.35714285714285715,0.0,-0.32142857142857145,-0.32142857142857145,0.0
12.222960529014273,50.65101298097796,-0.35714285714285715,-0.32142857142857145,0.0,0.32142857142857145,0.32142857142857145,0.0
12.237852003706754,9.2157218464799,-0.32142857142857145,-0.35714285714285715,0.0,0.32142857142857145,0.32142857142857145,0.0
12.444219182108993,53.96025918550389,-0.35714285714285715,-0.32142857142857145,0.0,0.32142857142857145,0.32142857142857145,0.0
12.457147996505725,12.523762370256396,-0.32142857142857145,-0.35714285714285715,0.0,0.32142857142857145,0.32142857142857145,0.0
12.662225905336356,57.27391741979175,0.35714285714285715,0.32142857142857145,0.0,-0.32142857142857145,-0.32142857142857145,0.0
12.679975455729545,15.825178079740915,0.32142857142857145,0.35714285714285715,0.0,0.35714285714285715,0.32142857142857145,0.0
12.878160106374457,60.58963809836758,0.35714285714285715,0.32142857142857145,0.0,-0.32142857142857145,-0.32142857142857145,0.0
12.90571224330581,19.12257935351133,-0.32142857142857145,-0.35714285714285715,0.0,0.35714285714285715,0.32142857142857145,0.0
13.134169140174128,22.418344059641285,-0.32142857142857145,-0.32142857142857145,0.0,0.35714285714285715,0.32142857142857145,0.0
13.36466730601642,25.71347641466194,0.32142857142857145,0.32142857142857145,0.0,0.35714285714285715,0.32142857142857145,0.0
13.5958183825401,29.008186131863084,-0.32142857142857145,-0.32142857142857145,0.0,-0.35714285714285715,-0.32142857142857145,0.0
13.82677995081563,32.30277185049916,-0.32142857142857145,-0.32142857142857145,0.0,-0.32142857142857145,-0.35714285714285715,0.0
14.057436463441423,35.598008111246656,-0.32142857142857145,-0.32142857142857145,0.0,0.32142857142857145,0.35714285714285715,0.0
14.288083865128753,38.894263518606685,0.35714285714285715,0.32142857142857145,0.0,0.32142857142857145,0.35714285714285715,0.0
14.518096780958968,42.191705533959905,-0.35714285714285715,-0.32142857142857145,0.0,0.32142857142857145,0.32142857142857145,0.0
14.566214267780087,0.7197700596798808,-0.32142857142857145,-0.32142857142857145,0.0,-0.32142857142857145,-0.32142857142857145,0.0
14.747713209129275,45.49026837609136,0.35714285714285715,0.32142857142857145,0.0,0.32142857142857145,0.32142857142857145,0.0
14.780176049551843,4.0424850084411394,-0.32142857142857145,-0.32142857142857145,0.0,-0.32142857142857145,-0.32142857142857145,0.0
14.974945902221505,48.79189385267647,0.35714285714285715,0.32142857142857145,0.0,0.32142857142857145,0.32142857142857145,0.0
14.996023937448145,7.360272498170895,-0.32142857142857145,-0.32142857142857145,0.0,-0.32142857142857145,-0.32142857142857145,0.0
15.197332545466697,52.09804284774956,0.35714285714285715,0.32142857142857145,0.0,-0.32142857142857145,-0.32142857142857145,0.0
15.21587771533621,10.671133152624668,0.32142857142857145,0.35714285714285715,0.0,0.35714285714285715,0.32142857142857145,0.0
15.415651907458937,55.40995238496212,0.35714285714285715,0.32142857142857145,0.0,-0.32142857142857145,-0.32142857142857145,0.0
15.439582107662249,13.975513698007838,-0.32142857142857145,-0.35714285714285715,0.0,-0.35714285714285715,-0.32142857142857145,0.0
15.631203484456751,58.725828864544674,0.35714285714285715,0.32142857142857145,0.0,0.35714285714285715,0.32142857142857145,0.0
15.666857118677052,17.27507689790974,-0.32142857142857145,-0.32142857142857145,0.0,0.35714285714285715,0.32142857142857145,0.0
15.845819746715732,62.04376598072024,-0.35714285714285715,-0.32142857142857145,0.0,0.35714285714285715,0.32142857142857145,0.0
15.895937474648345,20.57203039247991,-0.32142857142857145,-0.32142857142857145,0.0,0.35714285714285715,0.32142857142857145,0.0
16.126364736073807,23.867737289056752,-0.32142857142857145,-0.32142857142857145,0.0,0.35714285714285715,0.32142857142857145,0.0
16.35770829884234,27.162822588611284,-0.32142857142857145,-0.32142857142857145,0.0,-0.35714285714285715,-0.32142857142857145,0.0
16.588669864868102,30.457166807764402,0.32142857142857145,0.32142857142857145,0.0,0.32142857142857145,0.35714285714285715,0.0
16.818574425342923,33.751452105266196,-0.32142857142857145,-0.32142857142857145,0.0,-0.32142857142857145,-0.35714285714285715,0.0
17.04809281851243,37.04633547915572,-0.35714285714285715,-0.32142857142857145,0.0,0.32142857142857145,0.35714285714285715,0.0
17.276818532135906,40.342148059435914,-0.35714285714285715,-0.32142857142857145,0.0,0.32142857142857145,0.35714285714285715,0.0
17.50441608307732,43.638811690522644,-0.35714285714285715,-0.32142857142857145,0.0,0.32142857142857145,0.32142857142857145,0.0
17.53459878966813,2.1815364293352455,-0.32142857142857145,-0.32142857142857145,0.0,-0.32142857142857145,-0.32142857142857145,0.0
17.730527469744136,46.937292181799,-0.35714285714285715,-0.32142857142857145,0.0,-0.32142857142857145,-0.32142857142857145,0.0
17.75015734922303,5.500353519012094,0.32142857142857145,0.32142857142857145,0.0,0.32142857142857145,0.32142857142857145,0.0
17.95315601613945,50.24014898771298,0.35714285714285715,0.32142857142857145,0.0,-0.32142857142857145,-0.32142857142857145,0.0
17.969426906879754,8.813969252901867,-0.32142857142857145,-0.35714285714285715,0.0,0.35714285714285715,0.32142857142857145,0.0
18.171486593729487,53.548869915120356,-0.35714285714285715,-0.32142857142857145,0.0,0.35714285714285715,0.32142857142857145,0.0
18.1932369777328,12.121591979460192,-0.32142857142857145,-0.32142857142857145,0.0,0.35714285714285715,0.32142857142857145,0.0
18.38674164553705,56.86355762007398,-0.35714285714285715,-0.32142857142857145,0.0,0.35714285714285715,0.32142857142857145,0.0
18.421810688827826,15.424045659356377,0.32142857142857145,0.32142857142857145,0.0,-0.35714285714285715,-0.32142857142857145,0.0
18.600244300102887,60.18230138245827,-0.35714285714285715,-0.32142857142857145,0.0,0.35714285714285715,0.32142857142857145,0.0
18.653553427037284,18.72302891109874,-0.32142857142857145,-0.32142857142857145,0.0,-0.35714285714285715,-0.32142857142857145,0.0
18.88558986570983,22.02031984716517,-0.32142857142857145,-0.32142857142857145,0.0,0.35714285714285715,0.32142857142857145,0.0
19.117961377377263,25.316329140208246,0.32142857142857145,0.32142857142857145,0.0,-0.35714285714285715,-0.32142857142857145,0.0
19.350301123335917,28.61140730488942,-0.32142857142857145,-0.32142857142857145,0.0,0.32142857142857145,0.35714285714285715,0.0
19.581072926209504,31.905688563663034,-0.32142857142857145,-0.32142857142857145,0.0,0.32142857142857145,0.35714285714285715,0.0
19.810553983619993,35.20009461010136,-0.32142857142857145,-0.32142857142857145,0.0,0.32142857142857145,0.35714285714285715,0.0
2.1014338120385974,29.80583847460721,-0.32142857142857145,-0.35714285714285715,0.0,-0.32142857142857145,-0.32142857142857145,0.0
2.3397887035047256,33.105215285794905,-0.32142857142857145,-0.35714285714285715,0.0,-0.32142857142857145,-0.32142857142857145,0.0
2.579222338557676,36.405922622048784,-0.32142857142857145,-0.35714285714285715,0.0,0.32142857142857145,0.32142857142857145,0.0
2.8188690504247473,39.708294827674344,-0.35714285714285715,-0.32142857142857145,0.0,0.32142857142857145,0.32142857142857145,0.0
20.039137230034218,38.494827821371715,0.35714285714285715,0.32142857142857145,0.0,0.32142857142857145,0.35714285714285715,0.0
20.266349051930856,41.79033299164515,-0.35714285714285715,-0.32142857142857145,0.0,-0.32142857142857145,-0.32142857142857145,0.0
20.28639720579578,0.31881837791470885,-0.32142857142857145,-0.32142857142857145,0.0,0.35714285714285715,0.32142857142857145,0.0
20.491405813384443,45.08694108500243,-0.35714285714285715,-0.32142857142857145,0.0,-0.32142857142857145,-0.32142857142857145,0.0
20.502051050688866,3.6370569689867813,-0.32142857142857145,-0.32142857142857145,0.0,0.35714285714285715,0.32142857142857145,0.0
20.713423946728764,48.38687392847377,0.35714285714285715,0.32142857142857145,0.0,0.32142857142857145,0.32142857142857145,0.0
20.72024437433894,6.9526992457909325,0.32142857142857145,0.32142857142857145,0.0,0.35714285714285715,0.32142857142857145,0.0
20.93137188566233,51.69196344165869,-0.35714285714285715,-0.32142857142857145,0.0,-0.35714285714285715,-0.32142857142857145,0.0
20.943057284934678,10.263406384112892,0.32142857142857145,0.35714285714285715,0.0,-0.35714285714285715,-0.32142857142857145,0.0
21.14598146794149,55.00407443314089,-0.35714285714285715,-0.32142857142857145,0.0,0.35714285714285715,0.32142857142857145,0.0
21.171238536106834,13.568807611541594,0.32142857142857145,0.32142857142857145,0.0,0.35714285714285715,0.32142857142857145,0.0
21.358840318859627,58.322645915353064,-0.35714285714285715,-0.32142857142857145,0.0,-0.35714285714285715,-0.32142857142857145,0.0
21.404458729813772,16.870182073546186,0.32142857142857145,0.32142857142857145,0.0,0.35714285714285715,0.32142857142857145,0.0
21.572028308808466,61.64439736176007,0.35714285714285715,0.32142857142857145,0.0,-0.35714285714285715,-0.32142857142857145,0.0
21.639354216624646,20.169590364785645,-0.32142857142857145,-0.32142857142857145,0.0,-0.35714285714285715,-0.32142857142857145,0.0
21.874043614378948,23.46740457349878,-0.32142857142857145,-0.32142857142857145,0.0,0.35714285714285715,0.32142857142857145,0.0
22.108738732305806,26.76405725103777,0.32142857142857145,0.32142857142857145,0.0,-0.32142857142857145,-0.35714285714285715,0.0
22.341968365707423,30.05947845912813,-0.32142857142857145,-0.32142857142857145,0.0,-0.32142857142857145,-0.35714285714285715,0.0
22.573034292534036,33.35430319845089,-0.32142857142857145,-0.32142857142857145,0.0,0.32142857142857145,0.35714285714285715,0.0
22.802513498276202,36.648894048852725,0.32142857142857145,0.32142857142857145,0.0,-0.32142857142857145,-0.35714285714285715,0.0
23.030719410970377,39.943739092480364,0.35714285714285715,0.32142857142857145,0.0,0.32142857142857145,0.35714285714285715,0.0
23.252932260910093,1.7722409287609004,-0.32142857142857145,-0.32142857142857145,0.0,0.35714285714285715,0.32142857142857145,0.0
23.256090640757925,43.239575279421615,-0.35714285714285715,-0.32142857142857145,0.0,0.32142857142857145,0.32142857142857145,0.0
23.47012907728437,5.088500278429907,-0.32142857142857145,-0.35714285714285715,0.0,0.35714285714285715,0.32142857142857145,0.0
23.47813106720866,46.53722278294638,0.35714285714285715,0.32142857142857145,0.0,-0.32142857142857145,-0.32142857142857145,0.0
23.691446307582716,8.401642033925942,-0.32142857142857145,-0.35714285714285715,0.0,0.35714285714285715,0.32142857142857145,0.0
23.69629348022409,49.83935761268746,0.35714285714285715,0.32142857142857145,0.0,0.35714285714285715,0.32142857142857145,0.0
23.910807243230135,53.1482711164914,-0.35714285714285715,-0.32142857142857145,0.0,0.35714285714285715,0.32142857142857145,0.0
23.91815350340401,11.709598578109684,0.32142857142857145,0.35714285714285715,0.0,0.35714285714285715,0.32142857142857145,0.0
24.123108282271943,56.46496922716233,-0.35714285714285715,-0.32142857142857145,0.0,0.35714285714285715,0.32142857142857145,0.0
24.150418344060377,15.013298545081556,-0.32142857142857145,-0.32142857142857145,0.0,0.35714285714285715,0.32142857142857145,0.0
24.33500360653879,59.787752789626936,-0.35714285714285715,-0.32142857142857145,0.0,0.35714285714285715,0.32142857142857145,0.0
24.38677944467139,18.314746148077536,0.32142857142857145,0.32142857142857145,0.0,0.35714285714285715,0.32142857142857145,0.0
24.62397952002449,21.614957742370144,-0.32142857142857145,-0.32142857142857145,0.0,-0.35714285714285715,-0.32142857142857145,0.0
24.861418317582046,24.913721345823696,-0.32142857142857145,-0.32142857142857145,0.0,-0.32142857142857145,-0.35714285714285715,0.0
25.098293664115026,28.211254065076382,-0.32142857142857145,-0.32142857142857145,0.0,-0.32142857142857145,-0.35714285714285715,0.0
25.33263468540474,31.50743698916284,-0.32142857142857145,-0.32142857142857145,0.0,0.32142857142857145,0.35714285714285715,0.0
25.564434749826404,34.80269784838695,0.32142857142857145,0.32142857142857145,0.0,-0.32142857142857145,-0.35714285714285715,0.0
25.794386311243986,38.09764660020305,-0.35714285714285715,-0.32142857142857145,0.0,0.32142857142857145,0.35714285714285715,0.0
26.021783184091987,41.39337487469953,0.35714285714285715,0.32142857142857145,0.0,0.32142857142857145,0.35714285714285715,0.0
26.22020296318944,3.222362146113263,0.32142857142857145,0.35714285714285715,0.0,0.35714285714285715,0.32142857142857145,0.0
26.245165785062028,44.68997411458536,-0.35714285714285715,-0.32142857142857145,0.0,0.32142857142857145,0.32142857142857145,0.0
26.43967618238395,6.536713334522183,0.32142857142857145,0.35714285714285715,0.0,-0.35714285714285715,-0.32142857142857145,0.0
26.464790115573017,47.98981978214235,-0.35714285714285715,-0.32142857142857145,0.0,0.32142857142857145,0.32142857142857145,0.0
26.664367355921758,9.84721917175961,0.32142857142857145,0.35714285714285715,0.0,-0.35714285714285715,-0.32142857142857145,0.0
26.680272981755998,51.29601220134047,0.35714285714285715,0.32142857142857145,0.0,-0.35714285714285715,-0.32142857142857145,0.0
26.893031816673563,54.61029603952749,0.35714285714285715,0.32142857142857145,0.0,0.35714285714285715,0.32142857142857145,0.0
26.894582851651705,13.153291920995995,0.32142857142857145,0.35714285714285715,0.0,-0.35714285714285715,-0.32142857142857145,0.0
27.104523586909675,57.9323716957459,-0.35714285714285715,-0.32142857142857145,0.0,-0.35714285714285715,-0.32142857142857145,0.0
27.130194813249357,16.45649208079866,0.32142857142857145,0.32142857142857145,0.0,-0.35714285714285715,-0.32142857142857145,0.0
27.317136815658305,61.259014003900205,0.35714285714285715,0.32142857142857145,0.0,-0.35714285714285715,-0.32142857142857145,0.0
27.368648983281,19.75864335085321,-0.32142857142857145,-0.32142857142857145,0.0,-0.35714285714285715,-0.32142857142857145,0.0
27.607938042064067,23.059733116563127,-0.32142857142857145,-0.32142857142857145,0.0,0.32142857142857145,0.35714285714285715,0.0
27.847787214204484,26.359631610547112,0.32142857142857145,0.32142857142857145,0.0,0.32142857142857145,0.35714285714285715,0.0
28.086512693912194,29.657883717572023,-0.32142857142857145,-0.32142857142857145,0.0,0.32142857142857145,0.35714285714285715,0.0
28.322275386989695,32.954642221491454,-0.32142857142857145,-0.32142857142857145,0.0,-0.32142857142857145,-0.35714285714285715,0.0
28.555033392072676,36.25052683847329,0.32142857142857145,0.32142857142857145,0.0,-0.32142857142857145,-0.35714285714285715,0.0
28.78497478702988,39.546742551234296,-0.35714285714285715,-0.32142857142857145,0.0,0.32142857142857145,0.35714285714285715,0.0
28.970319046697803,1.3558466391364037,0.32142857142857145,0.35714285714285715,0.0,-0.35714285714285715,-0.32142857142857145,0.0
29.011339885567924,42.843693977803994,-0.35714285714285715,-0.32142857142857145,0.0,0.32142857142857145,0.32142857142857145,0.0
29.188695458082684,4.670326635796951,-0.32142857142857145,-0.35714285714285715,0.0,-0.35714285714285715,-0.32142857142857145,0.0
29.23368791951538,46.14251441758109,-0.35714285714285715,-0.32142857142857145,0.0,0.32142857142857145,0.32142857142857145,0.0
29.41092612463291,7.98274466731161,-0.32142857142857145,-0.35714285714285715,0.0,-0.35714285714285715,-0.32142857142857145,0.0
29.451837537866744,49.44643854572353,0.35714285714285715,0.32142857142857145,0.0,-0.32142857142857145,-0.32142857142857145,0.0
29.638839791171605,11.291095163904712,0.32142857142857145,0.35714285714285715,0.0,0.35714285714285715,0.32142857142857145,0.0
29.666396534957233,52.758431997372085,0.35714285714285715,0.32142857142857145,0.0,0.32142857142857145,0.32142857142857145,0.0
29.872378878281072,14.595994859482339,0.32142857142857145,0.35714285714285715,0.0,0.35714285714285715,0.32142857142857145,0.0
29.879125054288085,56.07861290936152,-0.35714285714285715,-0.32142857142857145,0.0,-0.35714285714285715,-0.32142857142857145,0.0
3.0576149915921813,43.01172977729739,0.35714285714285715,0.32142857142857145,0.0,-0.32142857142857145,-0.32142857142857145,0.0
3.0690385312410453,1.4847324214372595,0.32142857142857145,0.35714285714285715,0.0,0.32142857142857145,0.32142857142857145,0.0
3.2835800378160123,4.813824918767955,0.32142857142857145,0.35714285714285715,0.0,0.32142857142857145,0.35714285714285715,0.0
3.293875182572083,46.316450258023224,-0.35714285714285715,-0.32142857142857145,0.0,-0.32142857142857145,-0.32142857142857145,0.0
3.4990277721450145,8.137089871697674,-0.32142857142857145,-0.35714285714285715,0.0,-0.32142857142857145,-0.35714285714285715,0.0
3.5252919809209025,49.62287951658156,-0.35714285714285715,-0.32142857142857145,0.0,-0.32142857142857145,-0.32142857142857145,0.0
3.716496075640431,11.452915370308762,-0.32142857142857145,-0.35714285714285715,0.0,-0.32142857142857145,-0.35714285714285715,0.0
3.750608199087801,52.932361667201704,0.35714285714285715,0.32142857142857145,0.0,0.32142857142857145,0.32142857142857145,0.0
3.9373449203208075,14.760989791070088,0.32142857142857145,0.35714285714285715,0.0,-0.32142857142857145,-0.32142857142857145,0.0
3.971626581430387,56.24520042236037,0.35714285714285715,0.32142857142857145,0.0,0.32142857142857145,0.32142857142857145,0.0
30.09137936145185,59.40520185157258,-0.35714285714285715,-0.32142857142857145,0.0,0.35714285714285715,0.32142857142857145,0.0
30.11038300392988,17.899443535547757,0.32142857142857145,0.32142857142857145,0.0,-0.35714285714285715,-0.32142857142857145,0.0
30.35077344476847,21.202198690221415,-0.32142857142857145,-0.32142857142857145,0.0,0.32142857142857145,0.32142857142857145,0.0
30.59203700826521,24.50409363938502,-0.32142857142857145,-0.32142857142857145,0.0,0.32142857142857145,0.35714285714285715,0.0
30.833441136162506,27.80473331586483,-0.32142857142857145,-0.32142857142857145,0.0,0.32142857142857145,0.35714285714285715,0.0
31.073344653233427,31.103576981233463,-0.32142857142857145,-0.32142857142857145,0.0,0.32142857142857145,0.35714285714285715,0.0
31.310017263352176,34.401251094098356,-0.32142857142857145,-0.32142857142857145,0.0,0.32142857142857145,0.35714285714285715,0.0
31.543412341969088,37.69860259493557,0.35714285714285715,0.32142857142857145,0.0,-0.32142857142857145,-0.35714285714285715,0.0
31.773594242768674,40.996613199078794,0.35714285714285715,0.32142857142857145,0.0,0.32142857142857145,0.32142857142857145,0.0
31.938559423983918,2.803611425608171,-0.32142857142857145,-0.35714285714285715,0.0,0.35714285714285715,0.32142857142857145,0.0
32.00005398401413,44.29599131051804,-0.32142857142857145,-0.32142857142857145,0.0,-0.32142857142857145,-0.32142857142857145,0.0
32.158431202194535,6.117131665151198,0.32142857142857145,0.35714285714285715,0.0,-0.35714285714285715,-0.32142857142857145,0.0
32.22215176782066,47.598831337544546,-0.32142857142857145,-0.32142857142857145,0.0,-0.32142857142857145,-0.32142857142857145,0.0
32.383704404956504,9.42757734099011,-0.32142857142857145,-0.35714285714285715,0.0,0.35714285714285715,0.32142857142857145,0.0
32.44019653551665,50.90856691297692,-0.32142857142857145,-0.32142857142857145,0.0,-0.32142857142857145,-0.32142857142857145,0.0
32.61505699104393,12.734293861339328,0.32142857142857145,0.35714285714285715,0.0,-0.32142857142857145,-0.32142857142857145,0.0
32.655556681117496,54.22660449606242,-0.32142857142857145,-0.32142857142857145,0.0,0.32142857142857145,0.32142857142857145,0.0
32.85143872065254,16.03869412814668,-0.32142857142857145,-0.35714285714285715,0.0,-0.32142857142857145,-0.32142857142857145,0.0
32.86952954074523,57.55169167482869,-0.32142857142857145,-0.32142857142857145,0.0,0.32142857142857145,0.32142857142857145,0.0
33.083205206221955,60.881628773096764,-0.32142857142857145,-0.32142857142857145,0.0,0.32142857142857145,0.32142857142857145,0.0
33.09188171401579,19.342176121772507,0.32142857142857145,0.35714285714285715,0.0,0.32142857142857145,0.32142857142857145,0.0
33.33387989642984,22.645273933650945,-0.32142857142857145,-0.32142857142857145,0.0,-0.32142857142857145,-0.32142857142857145,0.0
33.575920637224215,25.94774628526129,-0.35714285714285715,-0.32142857142857145,0.0,-0.32142857142857145,-0.35714285714285715,0.0
33.81801945290001,29.248931535755744,-0.35714285714285715,-0.32142857142857145,0.0,-0.32142857142857145,-0.35714285714285715,0.0
34.058229919154506,32.549026845609596,-0.35714285714285715,-0.32142857142857145,0.0,-0.32142857142857145,-0.35714285714285715,0.0
34.29526881827551,35.84848098959154,-0.35714285714285715,-0.32142857142857145,0.0,-0.32142857142857145,-0.35714285714285715,0.0
34.529382614572405,39.148240223223766,0.32142857142857145,0.32142857142857145,0.0,-0.32142857142857145,-0.35714285714285715,0.0
34.68889480414061,0.9371597579187299,-0.32142857142857145,-0.35714285714285715,0.0,-0.32142857142857145,-0.32142857142857145,0.0
34.76066560029431,42.44913661548802,-0.32142857142857145,-0.32142857142857145,0.0,0.32142857142857145,0.32142857142857145,0.0
34.90764138461543,4.251161843239828,-0.32142857142857145,-0.35714285714285715,0.0,-0.32142857142857145,-0.32142857142857145,0.0
34.987603894173986,45.7525078287986,-0.32142857142857145,-0.32142857142857145,0.0,0.32142857142857145,0.32142857142857145,0.0
35.12983790972639,7.563167753112493,-0.32142857142857145,-0.35714285714285715,0.0,-0.32142857142857145,-0.32142857142857145,0.0
35.2105258270513,49.061127467706264,0.32142857142857145,0.32142857142857145,0.0,0.32142857142857145,0.32142857142857145,0.0
35.358640899332975,10.871561505803495,0.32142857142857145,0.35714285714285715,0.0,-0.32142857142857145,-0.32142857142857145,0.0
35.43030735661357,52.376956626082254,-0.32142857142857145,-0.32142857142857145,0.0,-0.32142857142857145,-0.32142857142857145,0.0
35.59318115222266,14.17696086078893,-0.32142857142857145,-0.35714285714285715,0.0,0.32142857142857145,0.32142857142857145,0.0
35.647514942765106,55.69995492930518,0.32142857142857145,0.32142857142857145,0.0,0.32142857142857145,0.32142857142857145,0.0
35.83236386595208,17.480651419044197,0.32142857142857145,0.35714285714285715,0.0,0.32142857142857145,0.32142857142857145,0.0
35.862768115954395,59.02912604626275,-0.32142857142857145,-0.32142857142857145,0.0,0.32142857142857145,0.32142857142857145,0.0
36.07428096780538,20.78436537715003,-0.35714285714285715,-0.32142857142857145,0.0,0.32142857142857145,0.32142857142857145,0.0
36.316385291279374,24.08824841471343,0.35714285714285715,0.32142857142857145,0.0,-0.32142857142857145,-0.32142857142857145,0.0
36.55885121991633,27.39137553744524,-0.35714285714285715,-0.32142857142857145,0.0,-0.32142857142857145,-0.35714285714285715,0.0
36.80110629897802,30.693665087627704,0.35714285714285715,0.32142857142857145,0.0,-0.32142857142857145,-0.35714285714285715,0.0
37.04113751066421,33.99583806615946,-0.35714285714285715,-0.32142857142857145,0.0,0.32142857142857145,0.35714285714285715,0.0
37.2786642601368,37.29817674932083,-0.35714285714285715,-0.32142857142857145,0.0,-0.32142857142857145,-0.35714285714285715,0.0
37.51375361876759,40.60145342329716,-0.32142857142857145,-0.32142857142857145,0.0,0.32142857142857145,0.35714285714285715,0.0
37.657764961710924,2.3845862352330913,-0.32142857142857145,-0.35714285714285715,0.0,-0.32142857142857145,-0.32142857142857145,0.0
37.74598662400795,43.90672633901004,-0.32142857142857145,-0.32142857142857145,0.0,0.32142857142857145,0.32142857142857145,0.0
37.8776451851619,5.697719071560506,-0.32142857142857145,-0.35714285714285715,0.0,0.32142857142857145,0.32142857142857145,0.0
37.97436747344769,47.2156072928099,0.32142857142857145,0.32142857142857145,0.0,0.32142857142857145,0.32142857142857145,0.0
38.103066160889966,9.00778118541847,0.32142857142857145,0.35714285714285715,0.0,-0.32142857142857145,-0.32142857142857145,0.0
38.19984909564426,50.52983771719513,0.32142857142857145,0.32142857142857145,0.0,-0.32142857142857145,-0.32142857142857145,0.0
38.33553558038698,12.314477341026443,0.32142857142857145,0.35714285714285715,0.0,-0.32142857142857145,-0.32142857142857145,0.0
38.42149236894795,53.85051015330068,-0.32142857142857145,-0.32142857142857145,0.0,-0.32142857142857145,-0.32142857142857145,0.0
38.572872008535306,15.61885716835971,0.32142857142857145,0.35714285714285715,0.0,0.32142857142857145,0.32142857142857145,0.0
38.63953751786737,57.17742694652383,0.32142857142857145,0.32142857142857145,0.0,0.32142857142857145,0.32142857142857145,0.0
38.81365159769666,18.922747001698326,-0.35714285714285715,-0.32142857142857145,0.0,-0.32142857142857145,-0.32142857142857145,0.0
39.05564839237963,22.227433708384336,0.35714285714285715,0.32142857142857145,0.0,-0.32142857142857145,-0.32142857142857145,0.0
39.297982578307064,25.532252240356783,-0.35714285714285715,-0.32142857142857145,0.0,-0.32142857142857145,-0.32142857142857145,0.0
39.540749025715954,28.836502506475796,-0.35714285714285715,-0.32142857142857145,0.0,-0.32142857142857145,-0.35714285714285715,0.0
39.782783361393925,32.14107438996193,0.35714285714285715,0.32142857142857145,0.0,-0.32142857142857145,-0.35714285714285715,0.0
4.161414459674787,18.062901182344053,0.32142857142857145,0.35714285714285715,0.0,-0.32142857142857145,-0.32142857142857145,0.0
4.189913425972382,59.559367638141694,-0.35714285714285715,-0.32142857142857145,0.0,-0.32142857142857145,-0.32142857142857145,0.0
4.388843906326357,21.36206329361172,-0.32142857142857145,-0.35714285714285715,0.0,-0.32142857142857145,-0.32142857142857145,0.0
4.61974174035828,24.659775610455252,-0.32142857142857145,-0.35714285714285715,0.0,-0.32142857142857145,-0.32142857142857145,0.0
4.853226896380217,27.956662394790843,0.32142857142857145,0.35714285714285715,0.0,0.32142857142857145,0.32142857142857145,0.0
40.02291520930665,35.4465382183666,0.35714285714285715,0.32142857142857145,0.0,0.32142857142857145,0.35714285714285715,0.0
40.260828868754686,38.753157011182374,0.32142857142857145,0.32142857142857145,0.0,0.32142857142857145,0.35714285714285715,0.0
40.40849430419924,0.517647636460546,-0.32142857142857145,-0.35714285714285715,0.0,-0.32142857142857145,-0.32142857142857145,0.0
40.496899146279546,42.06120852528957,0.32142857142857145,0.32142857142857145,0.0,-0.32142857142857145,-0.35714285714285715,0.0
40.626930317829995,3.831613700655243,0.32142857142857145,0.35714285714285715,0.0,0.32142857142857145,0.32142857142857145,0.0
40.7307900899407,45.37146695959688,-0.32142857142857145,-0.32142857142857145,0.0,0.32142857142857145,0.32142857142857145,0.0
40.84904807886256,7.143498529242794,-0.32142857142857145,-0.35714285714285715,0.0,-0.32142857142857145,-0.32142857142857145,0.0
40.96143729549016,48.68492144973876,-0.32142857142857145,-0.32142857142857145,0.0,-0.32142857142857145,-0.32142857142857145,0.0
41.07826404720581,10.451800674042179,0.32142857142857145,0.35714285714285715,0.0,-0.32142857142857145,-0.32142857142857145,0.0
41.188467090782396,52.00349306937725,0.32142857142857145,0.32142857142857145,0.0,-0.32142857142857145,-0.32142857142857145,0.0
41.313442132534426,13.75758532254535,-0.32142857142857145,-0.35714285714285715,0.0,-0.32142857142857145,-0.32142857142857145,0.0
41.552688097913276,17.062060576417934,0.32142857142857145,0.35714285714285715,0.0,0.32142857142857145,0.32142857142857145,0.0
41.794286392450836,20.367029087031657,-0.35714285714285715,-0.32142857142857145,0.0,0.32142857142857145,0.32142857142857145,0.0
42.03632943495,23.672769515563157,0.35714285714285715,0.32142857142857145,0.0,-0.32142857142857145,-0.32142857142857145,0.0
42.27882564906155,26.979028470304833,-0.35714285714285715,-0.32142857142857145,0.0,0.32142857142857145,0.32142857142857145,0.0
42.52155204394131,30.28603456827889,-0.35714285714285715,-0.32142857142857145,0.0,0.32142857142857145,0.35714285714285715,0.0
42.76338687675812,33.594555672973556,-0.35714285714285715,-0.32142857142857145,0.0,0.32142857142857145,0.35714285714285715,0.0
43.003514526342165,36.90463722970469,-0.35714285714285715,-0.32142857142857145,0.0,0.32142857142857145,0.35714285714285715,0.0
43.242473478721685,40.21601742894605,0.32142857142857145,0.32142857142857145,0.0,-0.32142857142857145,-0.35714285714285715,0.0
43.37706441905399,1.9652320673413812,0.35714285714285715,0.32142857142857145,0.0,0.32142857142857145,0.32142857142857145,0.0
43.4798699831663,43.52838245965895,0.32142857142857145,0.32142857142857145,0.0,0.32142857142857145,0.35714285714285715,0.0
43.596818432419205,5.278856610771914,0.32142857142857145,0.35714285714285715,0.0,-0.32142857142857145,-0.32142857142857145,0.0
43.71500009468637,46.84208549995456,0.32142857142857145,0.32142857142857145,0.0,-0.35714285714285715,-0.32142857142857145,0.0
43.822130066362924,8.589299079271848,-0.32142857142857145,-0.35714285714285715,0.0,0.32142857142857145,0.32142857142857145,0.0
44.054612043126596,11.896818553765607,0.32142857142857145,0.35714285714285715,0.0,-0.32142857142857145,-0.32142857142857145,0.0
44.29190323357448,15.202444983161492,0.32142857142857145,0.35714285714285715,0.0,-0.32142857142857145,-0.32142857142857145,0.0
44.53252360610114,18.508005517448243,-0.35714285714285715,-0.32142857142857145,0.0,-0.32142857142857145,-0.32142857142857145,0.0
44.77435973560588,21.814574132226728,0.35714285714285715,0.32142857142857145,0.0,0.32142857142857145,0.32142857142857145,0.0
45.016305953171276,25.12257148417991,-0.35714285714285715,-0.32142857142857145,0.0,-0.32142857142857145,-0.32142857142857145,0.0
45.25880466249958,28.432219559877897,-0.35714285714285715,-0.32142857142857145,0.0,0.32142857142857145,0.32142857142857145,0.0
45.50141726360597,31.743560795683074,0.35714285714285715,0.32142857142857145,0.0,0.32142857142857145,0.35714285714285715,0.0
45.7429814159376,35.05643047236387,-0.35714285714285715,-0.32142857142857145,0.0,-0.32142857142857145,-0.35714285714285715,0.0
45.9837539629943,38.370309539775874,0.32142857142857145,0.32142857142857145,0.0,0.32142857142857145,0.35714285714285715,0.0
46.12780155920848,0.09910766546238149,-0.35714285714285715,-0.32142857142857145,0.0,-0.32142857142857145,-0.32142857142857145,0.0
46.22376795820387,41.6849035325906,0.32142857142857145,0.32142857142857145,0.0,-0.32142857142857145,-0.35714285714285715,0.0
46.345789140179,3.414311863863984,0.35714285714285715,0.32142857142857145,0.0,-0.32142857142857145,-0.32142857142857145,0.0
46.567765926779515,6.727272252344731,0.32142857142857145,0.35714285714285715,0.0,-0.32142857142857145,-0.32142857142857145,0.0
46.79665459555366,10.036804165192445,-0.32142857142857145,-0.35714285714285715,0.0,0.32142857142857145,0.32142857142857145,0.0
47.03193008403979,13.344205819831643,-0.32142857142857145,-0.35714285714285715,0.0,-0.32142857142857145,-0.32142857142857145,0.0
47.27084058936862,16.65076386647891,-0.35714285714285715,-0.32142857142857145,0.0,-0.32142857142857145,-0.32142857142857145,0.0
47.51198725251516,19.958592397153506,0.35714285714285715,0.32142857142857145,0.0,0.32142857142857145,0.32142857142857145,0.0
47.75384887775513,23.268389104197638,-0.35714285714285715,-0.32142857142857145,0.0,0.32142857142857145,0.32142857142857145,0.0
47.99578888523478,26.58050569249038,-0.35714285714285715,-0.32142857142857145,0.0,0.32142857142857145,0.32142857142857145,0.0
48.23841938147347,29.893895516326552,-0.35714285714285715,-0.32142857142857145,0.0,0.32142857142857145,0.32142857142857145,0.0
48.48081735657156,33.208572286870144,-0.35714285714285715,-0.32142857142857145,0.0,0.32142857142857145,0.35714285714285715,0.0
48.72261824398408,36.523849796867054,0.35714285714285715,0.32142857142857145,0.0,-0.32142857142857145,-0.35714285714285715,0.0
48.963543161521095,39.83971611254807,-0.32142857142857145,-0.32142857142857145,0.0,-0.32142857142857145,-0.35714285714285715,0.0
49.09561732948089,1.5502765177378568,-0.35714285714285715,-0.32142857142857145,0.0,-0.32142857142857145,-0.32142857142857145,0.0
49.314966657896086,4.8659616363336085,-0.35714285714285715,-0.32142857142857145,0.0,-0.32142857142857145,-0.32142857142857145,0.0
49.54023764813183,8.178329898099472,-0.35714285714285715,-0.32142857142857145,0.0,0.32142857142857145,0.32142857142857145,0.0
49.772522885474515,11.487748293449952,-0.32142857142857145,-0.35714285714285715,0.0,0.32142857142857145,0.32142857142857145,0.0
5.088620336722903,31.253454896060802,-0.32142857142857145,-0.35714285714285715,0.0,0.32142857142857145,0.32142857142857145,0.0
5.325705160664448,34.55165524634233,0.32142857142857145,0.35714285714285715,0.0,-0.32142857142857145,-0.32142857142857145,0.0
5.563779141934888,37.85164802597405,-0.35714285714285715,-0.32142857142857145,0.0,-0.32142857142857145,-0.32142857142857145,0.0
5.801623601321907,41.15359635933234,0.35714285714285715,0.32142857142857145,0.0,-0.32142857142857145,-0.32142857142857145,0.0
50.009830794927396,14.796231132026515,-0.35714285714285715,-0.32142857142857145,0.0,0.32142857142857145,0.32142857142857145,0.0
50.249936299449956,18.105542470073058,-0.35714285714285715,-0.32142857142857145,0.0,0.32142857142857145,0.32142857142857145,0.0
50.49167142027713,21.417218839394693,0.35714285714285715,0.32142857142857145,0.0,-0.32142857142857145,-0.32142857142857145,0.0
50.733283118064755,24.73067230640842,-0.35714285714285715,-0.32142857142857145,0.0,0.32142857142857145,0.32142857142857145,0.0
50.9752977905886,28.045348669550105,0.35714285714285715,0.32142857142857145,0.0,0.32142857142857145,0.32142857142857145,0.0
51.217874323805354,31.36061826867915,0.35714285714285715,0.32142857142857145,0.0,0.32142857142857145,0.32142857142857145,0.0
51.460248386081,34.676720229453394,-0.32142857142857145,-0.32142857142857145,0.0,0.32142857142857145,0.35714285714285715,0.0
52.064124801719345,3.0054715353911723,0.35714285714285715,0.32142857142857145,0.0,0.32142857142857145,0.32142857142857145,0.0
52.285806690985915,6.3213336323868985,0.35714285714285715,0.32142857142857145,0.0,0.32142857142857145,0.32142857142857145,0.0
52.51464969196934,9.633522406500957,-0.35714285714285715,-0.32142857142857145,0.0,0.32142857142857145,0.32142857142857145,0.0
52.74990149229076,12.944492798923125,-0.32142857142857145,-0.35714285714285715,0.0,0.32142857142857145,0.32142857142857145,0.0
52.98869099832963,16.255699825806733,-0.32142857142857145,-0.35714285714285715,0.0,0.32142857142857145,0.32142857142857145,0.0
53.22968201228254,19.568524330734736,0.32142857142857145,0.35714285714285715,0.0,0.32142857142857145,0.32142857142857145,0.0
53.471300843477664,22.882620237763184,-0.35714285714285715,-0.32142857142857145,0.0,0.32142857142857145,0.32142857142857145,0.0
53.71299793387112,26.197685522707467,0.35714285714285715,0.32142857142857145,0.0,-0.32142857142857145,-0.32142857142857145,0.0
53.95491844473472,29.513245009218174,-0.35714285714285715,-0.32142857142857145,0.0,-0.32142857142857145,-0.32142857142857145,0.0
54.81654569983276,1.1463867727259187,0.35714285714285715,0.32142857142857145,0.0,0.35714285714285715,0.32142857142857145,0.0
55.035069799386825,4.4655540676911025,-0.35714285714285715,-0.32142857142857145,0.0,0.35714285714285715,0.32142857142857145,0.0
55.259889969356074,7.781754247215464,-0.35714285714285715,-0.32142857142857145,0.0,-0.35714285714285715,-0.32142857142857145,0.0
55.49190424744389,11.095628173597953,0.32142857142857145,0.35714285714285715,0.0,0.32142857142857145,0.32142857142857145,0.0
55.72900114686434,14.408759801061661,0.32142857142857145,0.35714285714285715,0.0,-0.32142857142857145,-0.32142857142857145,0.0
55.96873366005046,17.722048327429597,0.32142857142857145,0.35714285714285715,0.0,0.32142857142857145,0.32142857142857145,0.0
56.20990236594236,21.036376214574215,0.32142857142857145,0.35714285714285715,0.0,-0.32142857142857145,-0.32142857142857145,0.0
56.45133182029658,24.35143464453018,0.32142857142857145,0.35714285714285715,0.0,0.32142857142857145,0.32142857142857145,0.0
57.78965154513619,2.6110081830063603,-0.35714285714285715,-0.32142857142857145,0.0,-0.35714285714285715,-0.32142857142857145,0.0
58.01092000624003,5.931737264742146,-0.35714285714285715,-0.32142857142857145,0.0,-0.35714285714285715,-0.32142857142857145,0.0
58.23827345591821,9.249017865887769,0.32142857142857145,0.35714285714285715,0.0,-0.32142857142857145,-0.35714285714285715,0.0
58.47210339791251,12.564230510108878,0.32142857142857145,0.35714285714285715,0.0,-0.32142857142857145,-0.35714285714285715,0.0
58.709899890721374,15.878146995075236,-0.32142857142857145,-0.35714285714285715,0.0,-0.32142857142857145,-0.32142857142857145,0.0
58.94980199501102,19.192196488892982,-0.32142857142857145,-0.35714285714285715,0.0,0.32142857142857145,0.32142857142857145,0.0
6.037928474243335,44.456783703565655,-0.35714285714285715,-0.32142857142857145,0.0,-0.32142857142857145,-0.32142857142857145,0.0
6.058911880009117,2.960844645984721,0.32142857142857145,0.35714285714285715,0.0,0.32142857142857145,0.32142857142857145,0.0
6.271234426721812,47.76148850935473,0.35714285714285715,0.32142857142857145,0.0,0.32142857142857145,0.32142857142857145,0.0
6.2726357534075285,6.286481451628176,-0.32142857142857145,-0.35714285714285715,0.0,0.32142857142857145,0.32142857142857145,0.0
6.487863827354983,9.604914689429895,0.32142857142857145,0.35714285714285715,0.0,0.32142857142857145,0.35714285714285715,0.0
6.499187078341576,51.068460116139164,-0.35714285714285715,-0.32142857142857145,0.0,0.32142857142857145,0.32142857142857145,0.0
6.705826411510461,12.91535665250855,0.32142857142857145,0.35714285714285715,0.0,0.32142857142857145,0.32142857142857145,0.0
6.721797626959343,54.37898700602367,-0.35714285714285715,-0.32142857142857145,0.0,0.32142857142857145,0.32142857142857145,0.0
6.926999308285396,16.218364012267877,0.32142857142857145,0.35714285714285715,0.0,0.32142857142857145,0.32142857142857145,0.0
6.9411920281449255,57.69231856572214,0.35714285714285715,0.32142857142857145,0.0,0.32142857142857145,0.32142857142857145,0.0
60.55062783593747,0.7567147072656578,-0.35714285714285715,-0.32142857142857145,0.0,-0.35714285714285715,-0.32142857142857145,0.0
60.768556130000206,4.081561113538185,-0.35714285714285715,-0.32142857142857145,0.0,-0.35714285714285715,-0.32142857142857145,0.0
60.99163768656156,7.4034500386599245,-0.32142857142857145,-0.35714285714285715,0.0,0.32142857142857145,0.35714285714285715,0.0
61.22077630416535,10.721520719961354,0.32142857142857145,0.35714285714285715,0.0,-0.32142857142857145,-0.35714285714285715,0.0
61.455363781272894,14.03681607437429,0.32142857142857145,0.35714285714285715,0.0,-0.32142857142857145,-0.35714285714285715,0.0
61.69265824637054,17.35059594083828,0.32142857142857145,0.35714285714285715,0.0,0.32142857142857145,0.32142857142857145,0.0
63.53410872345327,2.230525057445445,-0.35714285714285715,-0.32142857142857145,0.0,0.35714285714285715,0.32142857142857145,0.0
63.75348848776659,5.556716388868613,-0.32142857142857145,-0.35714285714285715,0.0,-0.32142857142857145,-0.35714285714285715,0.0
63.97765310213865,8.879051575358147,0.32142857142857145,0.35714285714285715,0.0,-0.32142857142857145,-0.35714285714285715,0.0
64.20701307558566,12.196739739414937,0.32142857142857145,0.35714285714285715,0.0,0.32142857142857145,0.35714285714285715,0.0
66.30684900393533,0.37855007102758487,0.35714285714285715,0.32142857142857145,0.0,0.35714285714285715,0.32142857142857145,0.0
66.52331854979973,3.7080506877217934,0.32142857142857145,0.35714285714285715,0.0,0.32142857142857145,0.35714285714285715,0.0
66.74307424702457,7.034474411610972,0.32142857142857145,0.35714285714285715,0.0,0.32142857142857145,0.35714285714285715,0.0
69.2991641933627,1.8573737436547497,-0.32142857142857145,-0.35714285714285715,0.0,0.32142857142857145,0.35714285714285715,0.0
7.15125543822676,19.517120772835792,-0.32142857142857145,-0.35714285714285715,0.0,0.32142857142857145,0.32142857142857145,0.0
7.158272062667741,61.00662083028694,0.35714285714285715,0.32142857142857145,0.0,0.32142857142857145,0.32142857142857145,0.0
7.37933770037258,22.81378054973894,-0.32142857142857145,-0.35714285714285715,0.0,0.35714285714285715,0.32142857142857145,0.0
7.6107459633937165,26.109641576079266,0.32142857142857145,0.35714285714285715,0.0,-0.35714285714285715,-0.32142857142857145,0.0
7.843508165876602,29.40507861370478,-0.32142857142857145,-0.35714285714285715,0.0,-0.35714285714285715,-0.32142857142857145,0.0
8.0774022786633,32.70115645423173,-0.32142857142857145,-0.35714285714285715,0.0,-0.32142857142857145,-0.32142857142857145,0.0
8.31259695520496,35.99870158703239,0.35714285714285715,0.32142857142857145,0.0,0.32142857142857145,0.32142857142857145,0.0
8.548432494094365,39.298290187063046,0.35714285714285715,0.32142857142857145,0.0,0.32142857142857145,0.32142857142857145,0.0
8.78344805662572,42.599389352742534,0.35714285714285715,0.32142857142857145,0.0,0.32142857142857145,0.32142857142857145,0.0
8.829650332515916,1.106476958860772,0.32142857142857145,0.32142857142857145,0.0,-0.32142857142857145,-0.32142857142857145,0.0
9.017113625730797,45.9016803054422,0.35714285714285715,0.32142857142857145,0.0,-0.32142857142857145,-0.32142857142857145,0.0
9.043095832471831,4.433028765237079,0.32142857142857145,0.35714285714285715,0.0,-0.32142857142857145,-0.32142857142857145,0.0
9.247381348029153,49.206125766688025,-0.35714285714285715,-0.32142857142857145,0.0,0.32142857142857145,0.32142857142857145,0.0
9.257309010223493,7.753982048364235,0.32142857142857145,0.35714285714285715,0.0,0.32142857142857145,0.32142857142857145,0.0
9.472090159060839,52.513839789126344,-0.35714285714285715,-0.32142857142857145,0.0,0.32142857142857145,0.32142857142857145,0.0
9.473868459623898,11.067160446571247,0.32142857142857145,0.35714285714285715,0.0,-0.32142857142857145,-0.32142857142857145,0.0
9.692432597879318,55.82556423219961,-0.35714285714285715,-0.32142857142857145,0.0,0.32142857142857145,0.32142857142857145,0.0
9.693327124534902,14.372375232949901,0.32142857142857145,0.35714285714285715,0.0,-0.32142857142857145,-0.32142857142857145,0.0
9.910074453754854,59.139801233085045,0.35714285714285715,0.32142857142857145,0.0,0.32142857142857145,0.32142857142857145,0.0
9.916041915685804,17.671839472723388,0.32142857142857145,0.35714285714285715,0.0,0.32142857142857145,0.32142857142857145,0.0
