x,y,interlayer_distance,corrected_gap,correction
32.260401877495525,65.22111087788593,6.7993912076994105,0.5034209266532138,0.026342819916853166
34.990121157135775,63.298205309240416,6.815630201926126,0.4956910455770719,0.024308689223251356
37.7195569192416,61.37495989499209,6.799882664537665,0.49956096895620816,0.02476241913820676
26.50457676245438,65.74985710690336,6.714288199206774,0.5174613119698261,0.032859043770520735
29.226332022099857,63.825979849968505,6.764275163360649,0.5073559594684173,0.028841461001800184
31.95382296785837,61.901851505668354,6.794883906475271,0.5002464335182364,0.0256425782993861
34.683581030974274,59.97806420281105,6.797193490783533,0.49900987216903936,0.024331171687136166
37.41193299473299,58.0559168837217,6.770655069589976,0.5039766692531299,0.025646356344025456
40.13448069542855,56.135840425445295,6.722820427956172,0.5161688143981916,0.028429637221059068
20.770882453366234,66.28838368423335,6.612190140242204,0.5380114943724177,0.037383717147533524
23.481082799642937,64.36154351728703,6.664449884539778,0.5287577293055375,0.03574446437304113
26.197866548276217,62.435028442961155,6.7130935789701525,0.5188833464296675,0.031986359352736304
28.92120256068278,60.50889273220106,6.750560827380296,0.5075476019274356,0.028376998621289395
31.648528060795307,58.58376767678371,6.7670939641417664,0.5022876687251924,0.02574567592049215
34.37726886809793,56.66096578777624,6.75791363498346,0.5047061520365186,0.026054362054334312
37.10209704612332,54.740892395333766,6.725782996821461,0.5114116191933173,0.0286151704417712
39.82065484817082,52.82356070381031,6.6791483942788075,0.5208803865169451,0.031668530508240256
42.53055276647935,50.908609425910925,6.631498944413535,0.5337824786538978,0.03407755561159842
17.757053422613428,64.91013313774802,6.577626939287654,0.5447787424727273,0.038151213589165955
20.464164293617575,62.980115127319685,6.617122537480691,0.540690871289778,0.03797100351667915
23.17573434595931,61.05010625289433,6.656996905879973,0.5312396297151173,0.03555938957382532
25.893498743756165,59.12158243833441,6.692760800239923,0.5232314356137527,0.03218044617398741
28.616436060369974,57.194934155905905,6.717191658913798,0.512216613682623,0.02877247595536403
31.342928996991375,55.27095842951978,6.722353339899003,0.5096943137855889,0.02758654150471873
34.06854681436346,53.34992197916202,6.706363820235488,0.5128981735451152,0.029345742332613334
36.78934184751149,51.43184608715231,6.673413860488533,0.5190632396366389,0.03245593883607256
39.50272285086479,49.51656820790872,6.63309661481315,0.5283183638608986,0.03483671700836144
42.20804680143141,47.60380064209162,6.596666295978091,0.534091709513264,0.03590455616878607
44.90702775809039,45.69151438319541,6.569512589070621,0.5381612559175076,0.035004405976375885
12.043839800863148,65.47128596088356,6.532255467956809,0.5510217566532313,0.03765023776515619
14.746830689235223,63.53736399612543,6.556150350324309,0.5512047481080201,0.03790630530969841
17.452333141088737,61.60400131754548,6.579976422395482,0.5494616412217447,0.037656126512105814
20.159949879134896,59.67134003134591,6.605496985185217,0.5433652461270211,0.03643044444169563
22.872024811099887,57.74037412689478,6.632863356486119,0.5369222199967348,0.03463429450155964
25.589320905714274,55.8120237547032,6.658274108886971,0.5243428143620983,0.03257101174733634
28.311760172651127,53.88686289908922,6.673072249989654,0.5185495663070943,0.03139904440831787
31.03564916695444,51.964820034311096,6.6709860237111975,0.5169146066954218,0.031810323060961654
33.7573229094625,50.04590058922797,6.651565756611989,0.5190782086938323,0.033619545255384686
36.47334285889836,48.12946413406038,6.6199650390464395,0.5257657217361295,0.03570638801792736
39.18184593514179,46.21505241100677,6.58678631178298,0.529820211084194,0.03700635183558809
41.883194097162,44.30222041486201,6.560781184551907,0.5337190824430567,0.0360689346047427
44.58019376387462,42.38948746924618,6.544946854749901,0.5369383826067639,0.03451553771811078
47.274235605848745,40.475785358846565,6.535708569553204,0.5409198155992977,0.034355649841208535
6.332003599650344,66.04043142624532,6.5062062568237256,0.55156449193512,0.037926036333754354
9.034697727780815,64.10391866926754,6.529328049183798,0.5548977543545399,0.03833642394312875
11.738276527452248,62.16819510832396,6.5452753953821325,0.5546717975932864,0.0379569829535793
14.44250162698894,60.23260567317453,6.55669277504888,0.5560818962550079,0.037010357758958
17.14731346097701,58.29794604881614,6.566961188682848,0.5526300995898384,0.03576039531415276
19.855115716862212,56.36532470057535,6.581535943727765,0.5467088358946106,0.034798261557350774
22.567072408324396,54.435412826608676,6.601070880572177,0.5401384297414747,0.03414320781184088
25.284624219879607,52.50913457090496,6.61921086816718,0.5311291831228535,0.03415494440512523
28.005150475585427,50.586383018567325,6.627672352632102,0.524767231740137,0.0348107234216295
30.725746483090276,48.66666969395904,6.620965643233548,0.5238477921768933,0.03564170123137256
33.443355566892485,46.749384303627565,6.5992269556802015,0.5240714131152334,0.03626204114914122
36.154752645172124,44.83318109311044,6.569289315680258,0.5278386702839335,0.03673457001551972
38.858926434422585,42.917791673374616,6.5421029758142755,0.528224414504654,0.03643829085659833
41.55756441155203,41.002888599169786,6.525218607886062,0.5299431149915491,0.034632150111387094
44.252537657206055,39.088137755659844,6.518087822537428,0.532128157263899,0.03360691751085154
46.94497745827175,37.17304492365984,6.514755303790578,0.5365896997527315,0.03386014195824805
49.635795464978905,35.25739170668249,6.510357231813915,0.5415631338464005,0.03446946881581425
3.321908636820865,64.67522150975299,6.500328689232852,0.5581103724395432,0.03823426221773696
6.025614842563775,62.73841883371553,6.523996798251172,0.5576710041407104,0.03800442791678682
8.729433307857889,60.801067533412,6.5372709913381915,0.5607508082964133,0.036786923261813875
11.432906209765973,58.86446881486032,6.5419175577799376,0.5615751053835172,0.03568891859486012
14.136458619622445,56.92876446498295,6.543022236169193,0.5609160803111555,0.034768331771525496
16.84107259442631,54.99477141171701,6.5456917930956084,0.5593054113578357,0.03452586736984342
19.548162323340655,53.06365167021111,6.555155222827828,0.5514655256483817,0.03476242045439282
22.260209931663606,51.13675675767418,6.570327424890275,0.5446653717990968,0.03491569991322496
24.976895939785287,49.213588976796636,6.584234480244142,0.5313733857488382,0.0354856914388435
27.695505876277217,47.29305695359214,6.5884237104305186,0.5252645841753265,0.03646082769126746
30.413235548714795,45.37499837362896,6.577756554254314,0.5242953305560613,0.036517695966513664
33.126929433480186,43.45789330786029,6.553936429567425,0.5246148492127222,0.03620913594791064
35.83393524374519,41.540634944082825,6.525889322750231,0.5243196009994199,0.035796466862373144
38.534476611527595,39.62310308046965,6.503876150738355,0.525901577250685,0.03424675103961272
41.23054886548312,37.705364391360305,6.492841715839695,0.5257538065207229,0.03254872280247589
43.92361902640766,35.787866708997605,6.490322510808461,0.5263178656063001,0.032204167659554805
46.614600229718526,33.87072531311237,6.489904628249228,0.5311994075849467,0.03259325307668126
49.30473872539202,31.954154576565916,6.486614671176062,0.5354580660643797,0.033785958059727506
51.994665479736106,30.038085401112667,6.490539746316038,0.5405426753135575,0.035030754432991085
54.68498677083459,28.12251873567593,6.504598029607342,0.5427375350304071,0.0355958402477734
-2.3919562268778636,65.24744204386221,6.512547961630636,0.5523937896420226,0.038729758222451505
0.3114898928497228,63.31025182921617,6.492545157446418,0.5626997593841769,0.038385671388693865
3.0156009735328797,61.37281311359723,6.510132995798081,0.563878697509994,0.037252090535248694
5.719279028885318,59.435432460183584,6.523678367592122,0.5651098124704619,0.035241721751676724
8.422469542211909,57.49808166350892,6.528219036581502,0.5662562694657313,0.033648312069014974
11.124824245276706,55.56214479946203,6.526969789056869,0.5667039372679582,0.0328563602803702
13.827293945687227,53.62799915461573,6.523084782395637,0.566653816409634,0.033130400485013034
16.53048953174053,51.69641767803951,6.522993163857221,0.5635816320702328,0.034534816113167555
19.23713771739438,49.76868818522004,6.5319771905582105,0.555851789485363,0.03545953060056206
21.94916550870642,47.844859266964136,6.547204007183906,0.539887523956262,0.03539130645312527
24.66557981254918,45.92400658170389,6.559108083555527,0.5320307888678378,0.03570358929771311
27.382873673621177,44.00509438020667,6.558889757220133,0.5261323299100671,0.03581265625022123
30.097998988142894,42.08726562997234,6.543769838200701,0.522656896883035,0.03510637883692791
32.8078044649885,40.16927539451728,6.518546689953853,0.5232661730202822,0.03501783942225423
35.510842014316594,38.250391436029275,6.492369169248946,0.5194350097154418,0.034114190597585026
38.20838946141455,36.33025946316562,6.473652033332355,0.5217870080531547,0.03225133845984729
40.90221088336113,34.409641688336976,6.464764233438425,0.520195526376942,0.03120139984160808
43.593514453142845,32.48903207373957,6.461808014748746,0.5231418137461428,0.03114433007779649
46.2839311164133,30.569470478615056,6.459705687666601,0.5259580126846778,0.0322283997413777
48.97392658495611,28.651435434601357,6.4817826754482795,0.5301867755900136,0.033923766408574085
51.66424229554443,26.734876585330458,6.503310479186094,0.5339086540956521,0.03493590147366454
54.35534107726729,24.819645820745666,6.518702233282044,0.5354182567953631,0.035100081067902966
57.04723938330327,22.905720842738877,6.529455735267664,0.5379587882157573,0.03474193915197654
-8.103481352571034,65.81884344455662,6.534907554490633,0.5469426905789188,0.039193665464883676
-5.401508110386854,63.88189744566365,6.52424651133855,0.5557110629686678,0.03947252922524669
-2.6987391935103986,61.945045097154356,6.504370395205335,0.5634995932994427,0.03815686634475446
0.004694632892198694,60.00767590174939,6.476661983384027,0.570273821321998,0.03622896350736715
2.707769825570605,58.070130429721715,6.502179782300116,0.5706361443560133,0.03414438427002153
5.410073233152625,56.13312142099414,6.509615144097728,0.5703641682082891,0.03219897376546088
8.111575903232472,54.19709178210553,6.510429653939026,0.5720709788609908,0.03115249218258498
10.8122926994153,52.26316028855716,6.505639854634513,0.5692984021633842,0.03112597362238212
13.512584457869384,50.33172026431229,6.500692820437619,0.569780914213454,0.032260657822396954
16.214998997894412,48.40357402855699,6.503622750979568,0.5650889311554086,0.03403860538184178
18.92234718795912,46.47900220647955,6.517055148994933,0.5572012844802962,0.034806050908815056
21.63538522324272,44.55758304995064,6.533972462607235,0.5380313451917618,0.03483060051114695
24.35157422129177,42.63805617916264,6.543115777395734,0.5290043326867194,0.03497709643309754
27.067220931107787,40.71972069494413,6.5379280443933965,0.5240141567155276,0.0341878988651656
29.77962978391582,38.801640472506485,6.518913103187405,0.5190039738196623,0.03349646868996947
32.485925725246084,36.88256615236798,6.492136071335379,0.5176326065482565,0.03306249020447671
35.185546732470875,34.961601746345096,6.46684515329382,0.5150543572318512,0.03179522328336004
37.88048635478159,33.03895214614385,6.4493054187796695,0.51649388112031,0.030695984214906602
40.572536303005045,31.115436850812955,6.438864869783465,0.5167146368134475,0.03032853713657424
43.263212023162964,29.19206128680097,6.43185151451018,0.5194806754571252,0.03070513310845735
45.95340948441982,27.269972595123924,6.459141277227973,0.5218428571282736,0.03184013295849386
48.64393761854646,25.350040610990476,6.486454105462171,0.5246616099187755,0.032926215411868576
51.3347114527293,23.43246344886138,6.508878479277197,0.5275050122066729,0.03357383089287147
54.02609507605197,21.517004581073014,6.526570003791731,0.5301635206581988,0.03376049769245393
56.71859122260513,19.60357091860592,6.540530267963403,0.5330667146232625,0.03395693761403695
59.41263605342337,17.692326443763562,6.553880078933275,0.5345257762827319,0.034542502997370494
-13.813652564296664,66.38426284311603,6.558123183629981,0.5399250347625467,0.03769869863702047
-11.11148099287346,64.44981455770767,6.543817919075373,0.5478991520132598,0.03820436703242569
-8.4100624652998,62.51461573981255,6.529139517400239,0.5539847835438919,0.03818428107799887
-5.708314768127791,60.578307018421796,6.508456981151443,0.5632630848578681,0.03662206643677024
-3.0062676869443865,58.64191774672026,6.482587325141338,0.5718120486817636,0.034592224067242494
-0.3043486563156494,56.7050861458186,6.454026893832907,0.5803572462783325,0.032695635931061506
2.396505042758302,54.76864432637371,6.485843885143339,0.5770466244395488,0.03133046716951382
5.096444784413538,52.83338511349892,6.48951187105437,0.577601016466574,0.03021966876984017
7.7954284192471865,50.899955871771226,6.486867873772509,0.5771639996352752,0.02975543554337312
10.49369541893899,48.96875568583325,6.481777713783826,0.5762069495909427,0.030195889627700367
13.19290961156116,47.039979302754574,6.4812400725096495,0.5717189664671463,0.03191017792407802
15.896163810049641,45.114658569853056,6.491099384357657,0.5650633715473529,0.03332106674871094
18.605507496270114,43.19252224103743,6.509696283982523,0.5552300579467964,0.033785530002798936
21.31952221755688,41.27246670963612,6.526840594950416,0.5347471423371601,0.034414028570908695
24.03487573354959,39.353845351986536,6.532322067523934,0.5261482751767468,0.0344975116732793
26.749003378906387,37.435878246253,6.522652184179728,0.5197684734792071,0.03342089592236519
29.458566620702186,35.517133699219215,6.499905050399557,0.5153581831506269,0.032289432075404356
32.16124054777132,33.596404036133436,6.471375764461932,0.5138379152531158,0.030789190264728372
34.85818730439391,31.673318104006125,6.4457695706276805,0.5131994357955247,0.029295479918658884
37.551409763527246,29.748145549456584,6.427053907146535,0.5118407456862119,0.028499556305450646
40.24270170089961,27.822140908898287,6.413195567655601,0.5143814103602716,0.02870462474706814
42.93312646454777,25.896373069250902,6.430940636925161,0.515716535546137,0.029392066562365482
45.62361166484535,23.97216590699443,6.459889208946532,0.5160929611502709,0.02990683854358922
48.31412070266767,22.05018744496403,6.485386804612766,0.5206789329434662,0.030399539098300288
51.005107817174135,20.131215665460175,6.5079259697821765,0.5235186066464221,0.03120083668484508
53.696872238132855,18.215017552474965,6.527957610370638,0.5262658726484554,0.03193784335920924
56.389716951484154,16.30130794339539,6.546889350588881,0.5294349621350893,0.03269612537240274
59.08481625927963,14.389719242823697,6.569734794221251,0.5311827568973689,0.033598398240969995
61.7843751946735,12.479608101138874,6.601378344919192,0.5298281602978537,0.03387062795274254
-16.822846328222692,65.00910621065668,6.587221808041516,0.5400914518651425,0.038132947350947966
-14.120012819607682,63.07724136671757,6.558408150953609,0.5473280697091466,0.037560190817573336
-11.418887713938611,61.143842471789384,6.533471156690208,0.5529681458046914,0.03606576193104383
-8.717887915665067,59.21000917838481,6.509592889423791,0.5615807053978248,0.03380752672766363
-6.01753681732898,57.27470991581302,6.485072860632579,0.5701161034985658,0.03207055684129667
-3.317795878568863,55.33987914766449,6.459974887445377,0.5796225686337093,0.03059852348297909
-0.6185980215436467,53.40489016998507,6.433637866075365,0.587549425949348,0.02940015247442762
2.079808709647569,51.47084430305861,6.465571272210044,0.5822671068345807,0.028625875752686714
4.777027627525408,49.53797162401621,6.466412925210879,0.5834964711413234,0.028097454252225873
7.4736040944418045,47.60685236554044,6.463346554969441,0.5821592532531379,0.028384894183052456
10.170823664445209,45.677661836928486,6.461234955681208,0.5788810267786373,0.030159575326902388
12.870714869295412,43.75112181058077,6.467178477070657,0.5761404226071841,0.03252231120105842
15.57620036787725,41.82819553163765,6.484200623555978,0.5653512759412583,0.03335592919800101
18.28731893192715,39.90765519193294,6.506115150266709,0.5437978589274315,0.03395063902945461
21.001673589616964,37.98884589024525,6.521390851110517,0.5327413592855753,0.034635866452441544
23.71639666382586,36.07088232494022,6.5226092170813175,0.5236425345849653,0.0345461327667973
26.428346747180484,34.152494183920446,6.508126962912595,0.5192400121985873,0.03355548419522458
29.134466173491685,32.23257570225421,6.4814931511086495,0.5148444089433025,0.031713487245674354
31.834201395141594,30.310057348407767,6.4514272092908005,0.5115672671120478,0.02899091055425229
34.52919728225971,28.384638176185483,6.425820030121724,0.5071589346853028,0.026670337300567226
37.22158293416812,26.457199857905177,6.406175817320413,0.505329233584826,0.025715984577920903
39.91277630798824,24.529117988432077,6.38961158071497,0.5062564445807147,0.02601967789812676
42.60350495194365,22.601601411907318,6.43113459063674,0.5092061777238751,0.026610634839247194
45.29387976337612,20.67567326575141,6.456873190798795,0.5137972211509624,0.027355306390979273
47.984281399069445,18.751935523511825,6.480292006522724,0.515507519215268,0.028287359610906115
50.675572634051285,16.831406149357992,6.502807733606382,0.520686748617337,0.029210612071648434
53.36757907602385,14.913598168985759,6.525954765127258,0.5243552383060174,0.030284133373008615
56.061236148707486,12.99841688476869,6.552146163911427,0.5265224390531946,0.03174138388644332
58.75829996024696,11.085494786258419,6.587235490959376,0.5278271876932514,0.03281944972963702
61.46170717559614,9.174098680802645,6.633808343026558,0.5237008266135582,0.0326625388633488
64.17289594841787,7.2614340456429876,6.688629765845708,0.517754618384734,0.031117049614397096
-22.544980713886194,65.55573334014525,6.675547375009327,0.5245121775729567,0.03513806514752238
-19.83523595143268,63.62827787373939,6.628585520110413,0.536435608129242,0.03708062770048537
-17.13013577382436,61.699601225511785,6.584348601536217,0.5451671337124164,0.036883302973719445
-14.428175764948532,59.76948299645471,6.546356450132754,0.5535629781975168,0.03547588389756928
-11.72806998112635,57.83801080807817,6.515079400988698,0.5616501485287677,0.032993244073941774
-9.029829645505236,55.90597463182303,6.489555289134797,0.5692817901421019,0.030595859146105298
-6.332098650938518,53.97328418529335,6.466511267128288,0.5765391184035016,0.028554082335526587
-3.6350356129216936,52.04078000347775,6.443895700465447,0.5832542380316407,0.026844735086228422
-0.9384786470222455,50.10822076754745,6.421678882405663,0.5890973563953642,0.025739711289046507
1.7573127030362947,48.176482140765266,6.445434649323062,0.5864868923085675,0.025583692503794442
4.452755556676364,46.245369527830455,6.445854837412286,0.5861857878757962,0.026167388179359374
7.148569887604673,44.31593338673053,6.443634053705383,0.5855979244484145,0.02804232993718525
9.846141082922623,42.38848225849262,6.445388523726946,0.5825954600486996,0.031017020253337968
12.547854283894633,40.46425880567145,6.458239378937876,0.5770706238778833,0.03320692588540641
15.255528173796701,38.54325202238708,6.480845494094632,0.5648013042507958,0.03400830425540802
17.9680028112936,36.62421714772759,6.503109821684255,0.5414930010287897,0.03449554266266075
20.682425761614,34.70619986145971,6.514472294188803,0.5303075528813247,0.03466615386925698
23.3957122799792,32.78822231693072,6.509730587830608,0.5237507616351376,0.03445963386484152
26.104960389979848,30.869174423892474,6.4891574718081575,0.5164141777459095,0.033082062612851626
28.808007248719765,28.94766435527737,6.459453892065513,0.5127992214106664,0.030522076823610078
31.505176558939706,27.022861123280364,6.43029911607989,0.5072552189609052,0.027232612263724754
34.19878604805833,25.09521971755594,6.407284251083814,0.5029050941845754,0.024402601056436435
36.8910541713366,23.16606940920792,6.387919410095957,0.5014462341095456,0.022999402538431024
39.58244591742295,21.236432091133622,6.405183356888843,0.5016120253092295,0.022841661304240812
42.27338439199509,19.30754587195873,6.428615357749919,0.5091216481811426,0.02362490804671058
44.964048337223055,17.380199709492945,6.451382399269384,0.5128034548559712,0.025367009116104455
47.65517004223004,15.455195347234627,6.474118859391851,0.5168828370028056,0.02709367352261438
50.34649890032352,13.532518608609491,6.497701935277561,0.5185245816841957,0.0285084699050131
53.03872436900072,11.612288389410821,6.524541393900838,0.5238506811820012,0.029861147953790912
55.7341894638878,9.695520967397366,6.560048496872165,0.526247348664951,0.03154622054690304
58.434917863962426,7.780299805691608,6.608806368695859,0.5265277296484377,0.03317447997754375
61.14247703280953,5.865532314754378,6.668203214540775,0.5196202124865346,0.032940027776072967
63.85797291689438,3.9488758663135894,6.72956134154004,0.5098183917171349,0.030468824416117535
66.58094348962219,2.030211435194636,6.7804559174821994,0.5016010454015073,0.027057658061315326
-28.290165861055417,66.09091977607173,6.771722596224572,0.505235398495454,0.02855670906615071
-25.568210492888227,64.16579683171092,6.730317415450151,0.517000573002078,0.031725927838470724
-22.85286059188798,62.241034724907,6.676691611907751,0.5275700614750163,0.03455114244561841
-20.14367957352779,60.31576044137918,6.620441383242802,0.5381635213834104,0.034914351000142396
-17.439646709266576,58.38996454515087,6.570841609882933,0.5498201643343993,0.034587706165967624
-14.739744334584268,56.462703292076064,6.531073822932155,0.5589469489640517,0.03358449330483637
-12.043256437587267,54.53420287362385,6.501208407772122,0.5675559933791319,0.03188301404987648
-9.347866159074243,52.60510524616614,6.478046205355534,0.5749723052246489,0.028969033122534515
-6.652723950078791,50.67525365961145,6.457971641328511,0.5798185752571579,0.026126000921705916
-3.958037252068511,48.7449128795712,6.43947323796268,0.5845107968573307,0.02392740313531938
-1.263738415636969,46.8142376833249,6.420681852132471,0.5902101151944259,0.02350826649269644
1.4308013811818894,44.88397121632765,6.427516091585014,0.5897027308525603,0.0241617680982813
4.125954442288014,42.95423857827715,6.427150835668373,0.5904353517704921,0.025829508804408263
6.822076186029711,41.02622584683004,6.426418083795365,0.5896615495263272,0.028790985396114355
9.52092735874173,39.10072636084537,6.433813987705502,0.5856670355217154,0.03183997775810132
12.22515245012056,37.178778996486194,6.453425140406326,0.5749498422702857,0.033633656023112746
14.934936944290957,35.2592668975101,6.4786694538402205,0.5628521028232301,0.03462683439835068
17.64806187742032,33.341088811864005,6.497735710834496,0.5393061814655078,0.034661910283735775
20.36176766579351,31.423524013443426,6.502017076794729,0.5281236843649929,0.03438452286685845
23.07333700695944,29.505264938393356,6.489255698360129,0.5213308915726733,0.03330189977954712
25.77980662356928,27.58495035913063,6.463738843427755,0.5152365155254509,0.031624049158829326
28.479534777428796,25.661439260077984,6.43462547380563,0.5098739286373635,0.028942588234362354
31.174764872714462,23.73459693962735,6.409675679440419,0.5037395238873071,0.025388977433206783
33.86783726704535,21.805259183932314,6.389744926607774,0.5004126992086646,0.022511482934276295
36.559946160947895,19.874725580859952,6.383158552904783,0.49984463351135855,0.02108917091920759
39.2516336843382,17.94401737945519,6.404827481844926,0.5017120174998431,0.020897384262185792
41.943379977608444,16.014168840048193,6.425819441191205,0.5083378838529364,0.022157853968355568
44.63517333723024,14.085532691015707,6.4472767471379075,0.5139051826224158,0.024281185864723387
47.32686779503067,12.158701146975027,6.469498431395513,0.5206181615354473,0.026586886602411486
50.01860956486145,10.23385119444817,6.494711048775773,0.5241387373973075,0.029065551023901293
52.71304631505706,8.311530785505449,6.52835477519937,0.5289814154886815,0.03138557325873803
55.4119047759681,6.3918198935064146,6.575424071739048,0.5279897907370008,0.03346039699002645
58.11616223747128,4.473009068756677,6.63456292351637,0.527732829334944,0.034549085892272124
60.82743976388319,2.553857664021466,6.698064270335424,0.5199628145164998,0.03365691127612669
63.54658054488325,0.6335744110802731,6.756691014444781,0.5074108306818419,0.03017813981999007
-31.324418625852363,64.69530350293218,6.806772741978379,0.4984499270678948,0.025110125911233627
-28.597688147526426,62.77179619586424,6.775289761579737,0.5055181860862954,0.027673149120124307
-25.876606568813735,60.84855612716459,6.722945259418367,0.5196850016544603,0.03124528836629903
-23.162564286715728,58.9259814383713,6.661439022103279,0.5309058231162843,0.03293388686525267
-20.455207771202893,57.0039826601015,6.603409957679064,0.5420502832648797,0.03336357607125695
-17.754312183521414,55.081804416747396,6.556132136249868,0.5540134891281572,0.0333026264008347
-15.058086568810443,53.15837491982519,6.52108451586423,0.562768811312481,0.03236445900967366
-12.363906617882167,51.23323699631785,6.496640750154594,0.5709465171606811,0.03042312149923987
-9.670725044745607,49.30674837682461,6.477663196773683,0.5761052473251106,0.027865915668830787
-6.978001067301024,47.37912157264177,6.460564436560437,0.581580937927502,0.025393159727410186
-4.2850101420097015,45.45029482565547,6.44279111398315,0.5854058067769866,0.023936148638151966
-1.5913935162237045,43.52120452110951,6.422526202689076,0.5915408527979928,0.02384437700476738
1.1029065816711863,41.59213261304024,6.408413011544921,0.5946242642715358,0.024276103865634724
3.798019673766475,39.6637500993513,6.42642477289537,0.5899969074598342,0.02635265632264927
6.494952306813902,37.737596265967326,6.4471157310990925,0.5846505262430894,0.029523839021954323
9.195980284927163,35.81444887781974,6.470647337316592,0.5758875733380292,0.0323191659370341
11.902709818424109,33.894267063247284,6.490832519996744,0.5665573551454748,0.034034934348152746
14.613824338382189,31.97578878297084,6.499552509261811,0.54668632161487,0.03473141962120341
17.327138860556552,30.058229523353162,6.492097634970396,0.5363292381222957,0.03426093419721932
20.040147992752704,28.140521204336522,6.469393805555724,0.5273120760620411,0.033287455894452034
22.749636548229056,26.221264459946372,6.438203319093308,0.5197868178169794,0.03209734434371292
25.452715885488985,24.299446606066432,6.409325424555437,0.5145730418876588,0.030483330360425054
28.150032363512643,22.374076361391904,6.392993051864341,0.5071915491040133,0.027162262262263148
30.844155538055105,20.445539960789127,6.388453637327675,0.5020058659745793,0.023881762016300545
33.536710943001715,18.514806998581584,6.38847040641393,0.5006354944185539,0.022182321447180353
36.22898112155145,16.583393950368237,6.384011278028252,0.5029226509221603,0.021609044451588844
38.92157512290276,14.651885033515558,6.405200436000936,0.5072011859129741,0.021722306417226722
41.61438912619969,12.72083967589394,6.425411535201993,0.5129725023860339,0.022889413017287197
44.30712229949607,10.79060720398689,6.446106866538448,0.5188569741172583,0.02493914424726862
47.0001401920212,8.862068342073616,6.469866871131805,0.5248938144949924,0.02791046232388039
49.69520655638138,6.935212714312482,6.501229774885962,0.5307863307414435,0.03147696558085489
52.392670191721336,5.010072631606757,6.5433112260547155,0.5341421302022626,0.03442652512136357
55.09437435729427,3.0866829504811775,6.596144338292557,0.5335946600031376,0.035698055413587504
57.801880985377586,1.1635268388632234,6.655484374386026,0.5279744558392369,0.03556610697914531
-28.905852343631512,59.452706310878476,6.757236937399768,0.5092725952235385,0.027506698308242594
-26.187070827844412,57.53193199183274,6.6988481030809846,0.5205414768948915,0.030207009584890088
-23.47584427107904,55.612742532023226,6.638360249564686,0.5331664216317533,0.032325794923237616
-20.772692660852204,53.69419741885193,6.586305341265486,0.547033116726468,0.033286338539309845
-18.075478064872165,51.77569782190731,6.547422578308526,0.5581010379183362,0.032601918660359
-15.38123872752452,49.855539127395545,6.520497086333899,0.5647237325575721,0.030839745103175886
-12.688857630046375,47.933517674460184,6.501078005165375,0.570432861304503,0.02957012335132747
-9.997285657649833,46.009353900868184,6.484199780165785,0.5768364181298699,0.028206733402315276
-7.305588647922069,44.08337418844305,6.466180452881348,0.5820378273457268,0.026994368762028653
-4.612962116543131,42.15617248233195,6.445271759531483,0.5870454754798626,0.026105012237765735
-1.9197838540271726,40.22834310078706,6.421488635799799,0.591661634213833,0.02531558320811733
0.7741441163466641,38.300719398232545,6.426426664476988,0.5896453551077164,0.025375444592022234
3.4695709110822124,36.37436090208875,6.447173946378291,0.5843251787624354,0.02723080481650486
6.167924832352724,34.45035860929803,6.471213031138982,0.5774128384170848,0.030006152120104268
8.871140136273002,32.529389163113954,6.494959334408122,0.5698258055932068,0.03252147147824935
11.5797703053005,30.610740069283963,6.5109628119917495,0.558970911156005,0.03394362725881139
14.292215302775713,28.69302800987324,6.512947784760563,0.5413718634398254,0.03407971582742242
17.005707887280128,26.775431735375562,6.499075858091372,0.531820395368657,0.03332277029191877
19.7174662354903,24.857013393256175,6.472698282680939,0.5250896278261292,0.03220433603456696
22.424408669703457,22.936691463775123,6.44219326057776,0.5201261431004073,0.03105045458700184
25.124863285452715,21.0130057410411,6.419131312010814,0.5127453980142204,0.02879333214692803
27.820464121522235,19.085671205731096,6.409339609043117,0.5066424431583633,0.025653666974749356
30.513569119303632,17.155643907075707,6.408171733895804,0.5066655748139068,0.024007250835497373
33.20637727745048,15.22410360299977,6.408504864271121,0.5064771473018135,0.023771967339225597
35.899596627304916,13.291709830870335,6.386359618494074,0.5108711307875978,0.02404417941863457
38.59327982041244,11.358896094901175,6.407851829218581,0.5146905624122844,0.024746848718210757
41.2876161721235,9.426713510989112,6.429700226767084,0.5221415611288369,0.026203368624088785
43.98275972538477,7.49499612385981,6.455313170526351,0.5276100119285729,0.028376873435784766
46.679489413161754,5.564610437143295,6.485179550410104,0.5340247036421928,0.031362790947062624
49.3774055669179,3.6349274808264895,6.520555676122839,0.5391852663171123,0.03452955061236995
52.07815805859337,1.706678458783374,6.562978434644769,0.5385745150350767,0.036693981069681136
-26.50145127220102,54.21834279102531,6.666206138999945,0.5277896988296175,0.031525582095887295
-23.79515178307209,52.30248509207686,6.614475070040669,0.5391324165148518,0.033490105644811585
-21.095547557063338,50.38714959266297,6.574197605549738,0.5491948879770291,0.033853516015776464
-18.400595424247836,48.471040556344555,6.54595042676938,0.5568728359372737,0.03267609252081627
-15.708003523608811,46.55343411576649,6.525616751009501,0.5629883873448963,0.031572291292138566
-13.016557253784338,44.63371972626679,6.5079997355318255,0.570082155934746,0.030565427157110747
-10.325135840575665,42.711555728714565,6.489853277495225,0.5760564425743765,0.029893533936793837
-7.633444601126382,40.78758338247566,6.468608758929133,0.5829520383390552,0.02937363058244591
-4.941418882945986,38.86189658184171,6.443913214591783,0.5873608833828151,0.028479324137016704
-2.2488040346090132,36.93579328746016,6.4263889616510514,0.5909566384031032,0.027505250500196254
0.44523586326489567,35.01013173177643,6.445229747070602,0.5846096594297115,0.02760516734032281
3.1413364835497575,33.08591458798075,6.466836493304232,0.5806339747247689,0.029080152294823414
5.841210768486614,31.164177173342928,6.491068001732801,0.5727343369386768,0.03107212105121082
8.546943308225064,29.245173225559505,6.512575357883943,0.5641091804932716,0.032652143659949395
11.257658091232825,27.327525935179576,6.5239715704302075,0.5544343959505954,0.03371034886877933
13.970945744527908,25.410056341640882,6.520886670582261,0.5373081813207241,0.033897436312911644
16.684222367512934,23.492312812960527,6.502934194985631,0.5288909034702374,0.03285527853051384
19.394494271511626,21.573016734773734,6.475324315670097,0.5213698101410715,0.03141578135793699
22.098633116592254,19.650981071172033,6.448794885917751,0.5175060509945547,0.0297248736519915
24.79665165121707,17.7251218679689,6.433176660811801,0.5127408102468404,0.027262293909120938
27.4910391131383,15.796115926160297,6.429035146238585,0.5104212326243667,0.02572855901376281
30.184664897183698,13.864823115266278,6.429869929126621,0.5104610609541471,0.02550715667465564
32.878828061911584,11.932053113581036,6.429234563480049,0.5137428907707065,0.02616987058565945
35.57355478332771,9.998219259648634,6.425457362130437,0.5194635269630282,0.027486991552422513
38.26954822984882,8.064327859921947,6.4191288505947846,0.5264805754338968,0.029084096942002535
40.9670299440856,6.1308489360261165,6.448680716512397,0.532558825098332,0.031043899992342805
43.66541178161214,4.197193585311623,6.479739394002188,0.5386632427655252,0.03334031534589421
46.36443612743666,2.264631705425841,6.5100154711975,0.5431142935004836,0.035277531774486004
49.0658149241453,0.3324997314561948,6.541695351083199,0.5462379427509317,0.03683402523314916
-24.118381120856032,48.99548432122786,6.592078830773561,0.5424830559129826,0.034834500271228475
-21.421657968225468,47.0822465526123,6.564123254576517,0.5495719630096074,0.03419981931295535
-18.728078429958707,45.16752502177609,6.545301628272659,0.5562724126414219,0.03340571981942775
-16.03617331841564,43.25106951491426,6.529283643928045,0.5614360268266009,0.03306878223851495
-13.344881482503078,41.332796718666295,6.512123839142587,0.5677694634297447,0.03240991769456203
-10.653655727349749,39.41286156731958,6.491443417146728,0.5739427707229764,0.03169502892172371
-7.962351329658744,37.49112805443303,6.466640921145611,0.5807585919743763,0.030727713924617817
-5.2707401721483675,35.56777843020612,6.431222342756925,0.5880955343420601,0.029878457654242574
-2.57794130902723,33.643755227506524,6.445793932753547,0.586408192233954,0.029605738741384613
0.11640030781831374,31.720225889475827,6.46262032623228,0.5811805403305521,0.03044397486589645
2.8134834990908275,29.798362978872007,6.48358966067952,0.5766772714332616,0.03182891628253781
5.5160104219211785,27.878928750010925,6.5067998645474585,0.5690118823552989,0.03282767128956765
8.224279895788682,25.961128445951765,6.525776207586629,0.5579408459702201,0.03340390850617769
10.93671888734353,24.044120508949277,6.533394887581581,0.5410686726417755,0.0343759349210333
13.650729221626875,22.12692472343622,6.526412666996155,0.5340074815277991,0.03421474350392684
16.36361776065071,20.20852029676724,6.505879811917854,0.5274249048241304,0.03284444606294201
19.071517018665723,18.28771573891921,6.4796668416036525,0.521821860869361,0.03143500926167064
21.77256355691952,16.363600536521695,6.459218979111247,0.5164615583522498,0.029279840601090346
24.4690828821013,14.43563972684063,6.451233978236015,0.5131424074437289,0.02738976790865788
27.164248438378877,12.504896281510305,6.451560081952877,0.5129161799991565,0.02712561111664158
29.85940163987602,10.571753275630329,6.453422914896462,0.5145385040282678,0.02776562461820209
32.5554354929831,8.63757811909507,6.4540555592579985,0.5220784363612565,0.029392406756078238
35.25316696847939,6.70252612127514,6.452229405455631,0.5279161925516579,0.031267171564866914
37.9525855070304,4.767354833719324,6.445931920067334,0.5373933016507769,0.03330962480583732
40.65298369091721,2.8323400152011526,6.478653364769912,0.5439676818799801,0.0352014695540519
43.35386627625005,0.8969643269122068,6.507393104344137,0.5489998543470103,0.03694796559316993
-21.74912575804024,43.778639033819026,6.552168304988488,0.5476909948629348,0.03410224142177043
-19.05620850782173,41.86418591047646,6.539756835209969,0.5535033255780737,0.034157961843135354
-16.364672829438273,39.94819837261986,6.527103764648972,0.5586347688380374,0.034329418535406386
-13.674041011580547,38.030984320074694,6.510654042389289,0.5659157476135993,0.0338500665834216
-10.983356417349823,36.112977610656806,6.488465179609177,0.5706226948202071,0.03263653285767809
-8.292509069329409,34.19367662144002,6.445222680821351,0.5810472985827941,0.031098867213753323
-5.600685375288746,32.27308080022712,6.45353687703523,0.5805609255009465,0.030789506829082214
-2.9074574307474386,30.351845889344087,6.463814941415309,0.5798568896719882,0.03155334519091113
-0.2120658593968653,28.43089242771498,6.478745972515409,0.5773903557602279,0.03307651414491186
2.4874815199602156,26.51146708268655,6.49956855522945,0.5728570289237187,0.03445734329089145
5.19274518284556,24.593747786720954,6.522088972614426,0.5645604970453677,0.03477617884207396
7.903539287371138,22.677113781694676,6.5388315846603575,0.5548555689542993,0.034968839638039206
10.617875050095591,20.760550059927628,6.542832349515379,0.539683051910146,0.03495995280604891
13.33245104850634,18.842903086775117,6.5321631467683225,0.5312787640955057,0.033864229048297556
16.043862660704335,16.923210746039324,6.510693054448588,0.5265103613917443,0.03283203267764856
18.748985096315373,15.00040068980229,6.487930504625215,0.5237724675114424,0.03172515490118011
21.448467240548826,13.073579271315323,6.474611623257141,0.5183099117775496,0.02986628866147001
24.145513898298617,11.143361719989867,6.472634142383974,0.5172600716574938,0.029075926850048894
26.84195515877768,9.210504215894254,6.476653462761357,0.5184976108173464,0.029731825142485402
29.539273043438076,7.275629544640078,6.481871968019991,0.5249828789995913,0.0312622197023158
32.23850770280394,5.340077118658103,6.483363355426823,0.5309638769371303,0.03316893341353877
34.93971707356935,3.40383283072266,6.47766450611301,0.539237223569762,0.03500267761417586
37.64172026572845,1.4676739396993286,6.476336030165104,0.5472388774173054,0.03634184013828179
-19.385067729111093,38.56072339820918,6.527826143948394,0.5507989337565145,0.034779369915632685
-16.69452319765783,36.64478379587352,6.517770561627817,0.5566323258895216,0.03498853339546626
-14.004073011323861,34.728532204825285,6.502628479153598,0.5629231042206917,0.03464415969343948
-11.314018531243953,32.8117644924655,6.466965876379309,0.5710451333947866,0.03355673807889126
-8.62297565061818,30.894689331156926,6.4716385140460595,0.5720444298733758,0.03269143037832567
-5.930575114219845,28.977262613555983,6.4754259383875485,0.573247285117773,0.03265559331472856
-3.2363376051730324,27.05915057367473,6.4823658060595655,0.573768726675322,0.03358167983979321
-0.5387158788601505,25.1411020381931,6.496677126078257,0.5720970809231117,0.03533971770225275
2.163624410649272,23.22421542266156,6.517971446948913,0.5672580496169795,0.036314096275350316
4.872270010781061,21.30833141598111,6.540273454612544,0.558799440413915,0.036433444888205546
7.5857388659781355,19.39249250494418,6.554745220434615,0.5507176272117483,0.03618145283217267
10.30124859053072,17.475617544256377,6.555253712249538,0.5360351510388129,0.03484391225617145
13.015473472586747,15.556694597564034,6.5421190469394155,0.5285040298563175,0.03324377883536922
15.725327862448783,13.634957160442623,6.521327978721814,0.524863564127948,0.0326454135975891
18.42894690449211,11.70940076460947,6.502892728732228,0.5239319756595732,0.031905915743823066
21.128769264561182,9.779977944271051,6.49535662100989,0.5220734090864338,0.03147122507482436
23.8265800862002,7.847492857801165,6.497885170126121,0.5249792463728669,0.03219010826626745
26.525414631235158,5.913014482673782,6.504795109950415,0.5274495961883469,0.033423894048717706
29.225700897371482,3.9766520603779782,6.508858805263801,0.534463195625435,0.03506993809172565
31.927638087985986,2.0403526052422776,6.504677946817104,0.5417444719387035,0.03660051193514846
34.63038373899784,0.1030238966065105,6.491986081740494,0.5519404621757126,0.03753058535137388
-17.02514230661679,33.341446402625735,6.50182934891841,0.5473728991811395,0.03496780624626217
-14.335208946227601,31.425521881692333,6.484678536465104,0.5600438822306367,0.03521361249775001
-11.644674989608706,29.50985213131936,6.492540952507879,0.5631119891111714,0.035048589443404055
-8.952896404969403,27.59470032426776,6.496128496189561,0.5634521873540441,0.03478769633977974
-6.259453560861283,25.67988678328436,6.498141528841044,0.5653545377715358,0.03472933915648291
-3.5634040525194046,23.76514204789202,6.504224841123836,0.5658013688213132,0.035884880238277184
-0.8636979390638045,21.850451563096243,6.519413626202118,0.5648492543680268,0.0372751418022661
1.8423549196993938,19.936199957549846,6.54199493022066,0.5606075799242536,0.03724984944444998
4.554368328278643,18.021445964081035,6.564535468002598,0.5520138718957074,0.03671657953038965
7.270081676756886,16.105536491252366,6.577621267843352,0.5381426146189182,0.035838387663482685
9.986608525009304,14.187442614790564,6.576333135533574,0.5314078027036084,0.03426932379659764
12.700967187617724,12.266382702706027,6.5620494858108955,0.5271559380746691,0.03322794863221601
15.409593985869735,10.341833428356987,6.541790460221911,0.5258231087794357,0.03298076041839826
18.113052055311876,8.413707329074837,6.52625523343362,0.5254084298738889,0.032854344743949326
20.813701601765246,6.482093075676986,6.521771164684207,0.5280048111893352,0.03361058848911602
23.514060866985478,4.547966085880967,6.523586127759339,0.5314007405324445,0.03519487278019362
26.215416530333208,2.6122884619461915,6.52638974936716,0.537101162416952,0.036749356600659144
28.91736728759556,0.6753352106518848,6.5237774746804895,0.5444330679188537,0.03814555373720241
-11.974786194902503,26.20783544604561,6.513424417267798,0.5530997860308192,0.03555417092398949
-9.281872317975527,24.294272756192655,6.518154401724276,0.555600785300854,0.03528715129966731
-6.587144377411241,22.381745783014022,6.521989427766689,0.5561952166684857,0.03584465097238976
-3.8894803062309737,20.47000545327555,6.53109036349267,0.5590330604503747,0.037349592140460075
-1.186645557568718,18.558457125301754,6.549521778453114,0.5562330584050694,0.037567131524898656
1.522751930795117,16.645733654186788,6.574983947490333,0.5505387873759365,0.03619454324817184
4.2381746745847755,14.731226101522319,6.599078256135307,0.5414985399549391,0.034700525611270905
6.956553045122254,12.814188550648943,6.612098935667481,0.5306459708050361,0.03358455575148511
9.674762836606718,10.894083398282273,6.609524181438145,0.52513849149634,0.03313261001926282
12.388845493977069,8.970206048557761,6.592960943894349,0.5254249443666921,0.033825105642854236
15.097230223019706,7.043152175023022,6.571425466786689,0.5280176410534725,0.03460098828569569
17.80165374071294,5.11291604340415,6.55449505116489,0.5290970048406393,0.03491346349257274
20.504615673703572,3.1800669046157024,6.545069487908961,0.533379682090765,0.03604014327558769
23.206662934443198,1.2453881882487703,6.540048310669054,0.5381376389270045,0.03750414161142723
-9.610224518583466,20.993615256787972,6.537391528218972,0.5417916573258936,0.03493664982974387
-6.914409833359299,19.082817796879905,6.546578970132131,0.5491717034298864,0.03606711841370425
-4.214223605428254,17.17317146160178,6.5626719399233355,0.5491049873484258,0.036712854552471974
-1.5083180794977709,15.26285810132335,6.588656742180797,0.5445243784017313,0.03576137448408634
1.2052699610182684,13.350626557591323,6.6198776319149655,0.5373174143449403,0.033541847589689144
3.924241491203214,11.434860881398452,6.6460912248236,0.5292209726256688,0.03157227940456808
6.645586269064393,9.516039100183388,6.657506783850682,0.5212918400417194,0.031234565214572907
9.3648233077082,7.593424374528031,6.650071245430665,0.5213294926508628,0.032494784495860074
12.079713128151136,5.66756739634619,6.62868445401079,0.5240202354432347,0.03466275831280452
14.78922048373995,3.7387641291368987,6.601528155794108,0.5295572800121248,0.03615643975152194
17.495311651285665,1.8078885311554143,6.576600481985077,0.533566486735595,0.037194616392133284
-7.241032550275384,15.782522596697943,6.572310515825073,0.5362352711426963,0.035161578106237545
-4.538381618374737,13.873143834431565,6.600342676363935,0.5381837587924144,0.034951268135414715
-1.8277188653001486,11.962577635471751,6.637362328076621,0.5313411635022567,0.03310474969294264
0.8899539863095791,10.04887505000003,6.674654992136594,0.5247394179283698,0.03082730217725027
3.612748423878606,8.131440507065207,6.700680276307791,0.5155195757252758,0.029779723288317683
6.336322665723107,6.210328549602249,6.706538287248241,0.5128037284099615,0.030133799899479286
9.057244983863306,4.285757901681985,6.689795596658519,0.5174096513361759,0.032072965010693455
11.773240704363747,2.358932176294795,6.658763489427692,0.5247288095189298,0.03475719644258257
14.483587323991827,0.43021412013294885,6.621903020996523,0.5327094593921081,0.037225169143741965
-4.859721392067277,10.569756512787002,6.643677564862099,0.5249452639932696,0.032641608117717436
-2.1448338356199126,8.656842463294076,6.690956247116048,0.5203287181659312,0.030592714753097106
0.5774312955199121,6.740847549275709,6.73117855162951,0.5125510690884532,0.02904152201580512
3.3031871591057205,4.821075411123016,6.75244072858202,0.5058040265153443,0.0285940942488061
6.02861999161123,2.8981593636682685,6.747501656601411,0.5083217341195362,0.029655738786779295
8.750707340122984,0.973028679152272,6.71839082179613,0.5158933727678678,0.031792818579848614
-2.458532910210562,5.345781381063558,6.7417296703937835,0.5092696372071346,0.028785265744941668
0.26686520766971716,3.4270484571592292,6.778757426131425,0.5035909255407752,0.02668744855316607
2.9950736105454427,1.5051280007618102,6.790001667062498,0.500450393649809,0.026847983263271313
-0.04185086030996716,0.1090542380145483,6.808805588215639,0.4967420697746292,0.02489122310274894
