x,y,i,j,z_ml,z_dft,gap,correction,Mo_strain,W_strain
-0.1640828755433624,38.26348506915434,0.3826737143802998,0.35052560714366887,6.426033910014812,6.426033910014812,0.23864836968406877,0.12290873635762734,0.0030009364826204723,-0.0017133866127285718
-0.40456291907010633,34.960125906446486,0.4239196110276722,0.32368524829386985,6.444664160571914,6.444664160571916,0.24005596244712935,0.12403634482704118,0.0028658054902222277,-0.0016827931880455127
-0.6447316210749431,31.658104551085366,0.46456308020406256,0.2981330084054146,6.461390774754243,6.461390774754243,0.24271378096872287,0.12594264348946482,0.0026025820804328062,-0.0015055055258309498
-0.8834970783942216,28.356652540559455,0.5053993577086069,0.27325752759630756,6.478282021480084,6.478282021480084,0.2446859606475127,0.12865157209409617,0.00218531390162226,-0.001097523892811457
-1.1206425035663095,25.05466819019573,0.5475610071073643,0.24841056503580244,6.49884960051239,6.498849600512395,0.2468402808577297,0.13215200823144146,0.0016601446054016326,-0.0005121059494605193
-1.355829012765809,21.752031758312064,0.5917735024601939,0.22278671748124726,6.525114214770548,6.5251142147705465,0.2497143965045323,0.13626616806686065,0.0010478477783234504,0.00016940550369141914
-1.5299019318073648,59.97841001974765,0.05474256694955984,0.505422635324933,6.488817363118823,6.488817363118825,0.2631344109905487,0.13359558366949043,0.001574845948202322,-0.0007710303762554414
-1.5881944164866197,18.447945390631062,0.6386326033884309,0.19634876330310663,6.560703460786728,6.560703460786726,0.24953610578060803,0.14100964168910202,0.0003839479264285153,0.001003598782548073
-1.7477607723335515,56.663484484219055,0.11140893349145517,0.47789720592602786,6.4678395452873065,6.467839545287305,0.25475721571931775,0.13192291892873287,0.0017671433885107365,-0.0008301116722138133
-1.817670496042699,15.140866468462924,0.6887999322818087,0.1686856378676212,6.6079707028905315,6.6079707028905315,0.24891389026828192,0.14659010198004496,-0.00035446799001113765,0.002044150264346933
-1.9690179781418604,53.349839216258445,0.166288831315331,0.45004991437538944,6.441604079797809,6.441604079797811,0.24805565306688793,0.12918244845555715,0.0021192968402147555,-0.0010691781921946598
-10.071059466971876,20.663501473767433,0.6137485795871018,0.08485742679752038,6.541228412399146,6.54122841239915,0.25467448413130456,0.13752907901023947,0.0009140390942586745,0.0001703665259399756
-10.214824742840193,58.94550908841624,0.05836006331342714,0.41249588445115326,6.52278835632392,6.522788356323922,0.25852271933317883,0.1358744985263316,0.0012142313114843948,-0.0003111874382602325
-10.433866476359082,55.62958587619387,0.11520002910855885,0.38411082550995695,6.50244825423947,6.502448254239468,0.25187131731692003,0.1334895284317552,0.0015137052574920665,-0.0004929139224325564
-10.658362207375568,52.31600952262273,0.16906902015663783,0.35545450894945596,6.484067115390612,6.484067115390612,0.2462445951701996,0.13090883991274405,0.001871444150804061,-0.0008188252802186734
-10.888717962840243,49.00560578261068,0.2193151527475358,0.32605607725275926,6.478092572386885,6.478092572386885,0.24119976973821344,0.1292294791005476,0.00212211920120073,-0.0010990772530468259
-11.124396576959063,45.69636006705383,0.26598701150101517,0.2957409918802441,6.481167420802125,6.481167420802123,0.24010560336361098,0.12767110125952763,0.002322218831724888,-0.0011941994394609563
-11.363992122228872,42.38675636211368,0.31098199422925005,0.26471152536642856,6.485750725486383,6.48575072548638,0.2393057962004408,0.127675233502897,0.002317125448712614,-0.0011774841134252342
-11.604546900802664,39.075581432862094,0.35564576064611275,0.23237419136122459,6.486090043261104,6.486090043261104,0.23852933601245974,0.128775260352322,0.0021657095519829147,-0.0010769021176624532
-11.845724640550728,35.76274679692133,0.4008219327512717,0.19927654782423393,6.482112420881483,6.482112420881483,0.24137983959651643,0.13003346019392303,0.0020143630743647547,-0.0010118993596918708
-12.087832262310693,32.449150796391834,0.4468509159559397,0.16543737596899272,6.463852372025324,6.463852372025324,0.2472876043721557,0.13134220228645332,0.001854887612534785,-0.0009310936581595578
-12.329848532338708,29.135202736111477,0.4941864709468104,0.13115537246572279,6.4926240565138436,6.492624056513847,0.25062056137319355,0.13311405198904458,0.0016314545677311326,-0.0007928307435402753
-12.571241736164295,25.8210976037817,0.5427794315970929,0.09613193018656944,6.515493191723609,6.515493191723605,0.2539608264619877,0.13491140489649778,0.0013783619380864837,-0.0005507055358241682
-12.812170357256784,22.50659266658713,0.5924754790632107,0.060804745940899685,6.532940045891099,6.532940045891101,0.25793662992432376,0.13637878500983425,0.001140018473346704,-0.00023087688146016094
-12.964690158810383,60.81057550269455,0.021339241115274365,0.3996650302025457,6.541835286376671,6.541835286376672,0.26326129576646207,0.13780888390359758,0.0008998969315036701,0.00011095313768144127
-13.181742252464657,57.49280626459002,0.07946795818647628,0.3714395793695107,6.528500908328157,6.528500908328155,0.2553966868469001,0.13698386358806747,0.0010216286319131081,-2.1660582784654542e-05
-13.403113836779434,54.176584641865894,0.13545885206739194,0.34235199379246767,6.509530466459619,6.509530466459623,0.25019789884304644,0.13471188185197314,0.001328521945109014,-0.0002778759454182234
-13.630894452778604,50.86318028782009,0.18817042966183747,0.31272395622563265,6.498491530389469,6.498491530389471,0.24525471438691537,0.13282733782014056,0.0016069680309849666,-0.0005822655110392488
-13.864307219433888,47.551851260361765,0.23747486691437478,0.28185855456240533,6.498668254857206,6.498668254857204,0.2412681196346247,0.131123722753812,0.0018259720655981865,-0.0007315864736696416
-14.10230030557129,44.239901226943175,0.28436633859378907,0.2498720312830796,6.504097026170243,6.504097026170244,0.2393308348920402,0.13001257281800427,0.0019514372745802642,-0.0007620983040761876
-14.342807808116275,40.92678983802491,0.33072084082871284,0.2165864252986615,6.508483266733588,6.50848326673359,0.24087909801196528,0.1306143143422479,0.0018913148200345939,-0.0007755771289868016
-14.58373083967219,37.61225717080305,0.3773363773859561,0.18217078253800872,6.507259208252204,6.507259208252208,0.24347069965242474,0.13184033181612864,0.0017636910747894767,-0.0007833754991477597
-14.825590904186285,34.297181344729005,0.42506044458869857,0.14682328825155394,6.498927228935839,6.498927228935839,0.2475493537281993,0.13268878689441144,0.0016829525811501837,-0.0008178520608351586
-15.068066143684483,30.981842692596736,0.4734342110335609,0.11083472439202584,6.487140778018082,6.487140778018082,0.2531485767583149,0.13356149262544226,0.0015916619065331119,-0.0008216951860044915
-15.309897709416354,27.666756996795254,0.5225419071627135,0.07469643566960675,6.508714453376765,6.508714453376767,0.2572349273798904,0.1346525895367091,0.0014521653488731613,-0.0007292379262760555
-15.930831092248715,59.355012668935316,0.0431897316565015,0.357868733113344,6.554912095825513,6.554912095825513,0.2585084506504296,0.14050076055576344,0.0005276607140487852,0.0005661987218946402
-16.149352239778427,56.03620190991004,0.10128016098296137,0.3286771148266785,6.539701965852972,6.53970196585297,0.25233959909937254,0.13908811026017287,0.0007015305297269128,0.00036166009238007703
-16.374139050579572,52.71942738710909,0.15651585833803122,0.2986107874346053,6.523975642302597,6.523975642302595,0.24861000203452632,0.1368544657034978,0.001005577287324382,9.270006571677825e-05
-16.605256878736082,49.40497619300597,0.20864613201807264,0.2672080688805453,6.518221383978084,6.518221383978085,0.24367348158686253,0.13509911707503042,0.001257897550845443,-0.00016375890849850303
-16.84121709934741,46.09132341222479,0.2582017104316599,0.23423696062523686,6.520578713841726,6.520578713841731,0.24248804753780373,0.1333055914090875,0.0014808679224955058,-0.0002918139101705138
-17.080793822727735,42.776630077833275,0.3065702771561352,0.20005258817871835,6.525170728255411,6.525170728255411,0.24246062710025829,0.13270773657604984,0.001574185491193928,-0.0004075429732730452
-17.321654304248472,39.46113123799154,0.3548404174758722,0.1643655090843664,6.525513803756004,6.525513803756002,0.2453436592926005,0.13349189283513974,0.001522886817405417,-0.0005291868762320938
-17.56317779538262,36.145164837487435,0.4040173398381158,0.12788799542412738,6.517107918684745,6.517107918684745,0.24860569264176668,0.13396396098544838,0.0015141730305561988,-0.000687674800536537
-17.805339495032058,32.829174534011564,0.4532983914086496,0.09094487502647823,6.499853516395985,6.499853516395985,0.2555852819920432,0.13413200366048372,0.0015253173750605473,-0.0007986448510292366
-18.681475925123223,61.21633780943722,0.006970483026613674,0.34318108116901186,6.585206201290385,6.585206201290381,0.2603681820934789,0.1440722615289416,4.2841198421445715e-05,0.0012868330991435252
-18.89822963856034,57.89419836055047,0.06668548671342418,0.31379594097536645,6.576734578945818,6.576734578945818,0.25368789894957167,0.1438036290518705,8.677438578486394e-05,0.0011991070510092383
-19.119526354810535,54.574029185434284,0.12464605130449738,0.2831734234106782,6.5594599221501575,6.559459922150161,0.2503814237577294,0.1419417318889904,0.0003198957281880944,0.0009113787706728618
-19.347944109257153,51.25623861907013,0.1796744923656222,0.251256458635083,6.54570598501882,6.54570598501882,0.2461745267600265,0.13967497951546992,0.0006032312912231811,0.0005634371356653089
-19.581703014137716,47.94049736616868,0.23203353080605124,0.21761553840686906,6.5404810419932105,6.540481041993207,0.24540538381821342,0.1375637754208211,0.0008870277405760363,0.0002601375391130753
-19.81937121631283,44.624939461855135,0.28270834129780276,0.1825935713612413,6.539780623870678,6.539780623870675,0.24509814406672037,0.13546597251701864,0.0011743783661505814,8.239010476217785e-06
-2.0443182792115584,11.829154150816493,0.7433636936629425,0.13926665297002921,6.664777296068815,6.664777296068813,0.24545314519254957,0.15027830477982662,-0.0009790791491332774,0.0032415766697910585
-2.1953989011123345,50.039803707477226,0.21790082599036698,0.4219404836327811,6.425744552159086,6.425744552159088,0.24355090233412646,0.1267485668167876,0.002495915898600649,-0.0014472229514771173
-2.2676167131340628,8.511273261726226,0.8017479481302449,0.10821613150413217,6.723721552276977,6.723721552276977,0.2410273313623389,0.15127080275040194,-0.0014141696420039613,0.004395917162852228
-2.4278243456414246,46.73312688536754,0.2657822183124131,0.39331924158476117,6.421960311280616,6.421960311280618,0.23952961153138597,0.12411684935317524,0.0028569370864800258,-0.00168342235008317
-2.4870308972560946,5.187042370998901,0.8631194290118854,0.07618522166092047,6.774494414807463,6.774494414807462,0.23542625382934512,0.15161846412099056,-0.0017074754699856567,0.0053482373366327655
-2.6654769905566207,43.42786677454778,0.310565884528023,0.3645569239571555,6.423395451752153,6.423395451752155,0.23542479778292913,0.12249929277306004,0.0030660847498895183,-0.0017825614331291647
-2.9053936091676538,40.1228319755074,0.35347525709570204,0.33539331838470615,6.42271988767591,6.42271988767591,0.23710197975282588,0.12276991154212546,0.0030302398123675128,-0.0017628905262746673
-20.05973899702444,41.30914812289827,0.33283130212092416,0.14615877367765734,6.537530642011374,6.537530642011376,0.24741095839066607,0.1348529602457469,0.0013010202475791425,-0.0002294869513109009
-20.30081290611156,37.99278494531105,0.3830113925632965,0.10886151959588536,6.52818260594719,6.528182605947192,0.25077751414190563,0.1346780075952747,0.001384208339839778,-0.00047826249625617105
-21.650730456514538,59.7513505602302,0.03226885653755122,0.29695776621038555,6.621040663887323,6.621040663887321,0.2532004783467888,0.1479988600256843,-0.0005086395816686421,0.0021660388070601196
-21.869350822031045,56.42729582888502,0.09253600543084357,0.2659646118240157,6.606777208110515,6.6067772081105165,0.250162987892665,0.1471903714759636,-0.00038505165752045,0.0019368983059686068
-22.09386681159956,53.10604022663155,0.15044773872253775,0.23354715655000355,6.586379273530639,6.586379273530639,0.24740949136822854,0.14524786403967527,-0.00011591668911541301,0.001520399959050767
-22.324866428463483,49.78765512063734,0.2056818295116729,0.19954644207699992,6.5700824141096135,6.5700824141096135,0.24677274226482615,0.14315458676283432,0.00018783713556121912,0.0010099661220808985
-22.560209596406914,46.471221226544536,0.25882256749529625,0.16403804836698174,6.5585042702704275,6.558504270270426,0.24655380129886795,0.1397561173937838,0.000596692915640672,0.0005597344493216211
-22.7986880672808,43.15558270614323,0.31070962835307386,0.12733345545646504,6.548576682686155,6.548576682686152,0.2488470087709317,0.1368069513689305,0.0009956073733743392,0.00015036838832717031
-24.40792427830078,61.6072345991281,0.9650153349938682,0.25478669967729395,6.6701596067715805,6.670159606771584,0.2512573184521648,0.15116045677856782,-0.0010716013209852281,0.0031885421681376656
-24.624845526335758,58.2802199307664,0.060071122054208004,0.24631194127427297,6.663096493366883,6.663096493366883,0.24692691301052005,0.15105157117026835,-0.0010400030242271549,0.0031126142694669428
-24.84577770787062,54.95526427622611,0.12065739556910976,0.21367527410183423,6.640507213139005,6.640507213139003,0.2452119078332543,0.15010791171019944,-0.0008307050575218259,0.0027184161237537633
-25.072810684496865,51.63317860829296,0.17857560575832704,0.17980711973237926,6.612958981529026,6.612958981529026,0.24607253454456146,0.1477470777970683,-0.00046586054922413114,0.002072763202284193
-25.304963977279904,48.31509712537131,0.2343934942958927,0.1441026656411257,6.5877300463862145,6.587730046386213,0.24705008199867717,0.14508315069551136,-5.6967501371856655e-05,0.001322967111982689
-25.54080577738075,44.99953379709496,0.2883205524670369,0.10745139678538687,6.565252092191541,6.565252092191541,0.2515028243795998,0.1404593067871035,0.0005013125542649604,0.0007011223985687259
-27.387307049526193,60.133825553671535,0.027438362183074317,0.22410533695669083,6.720617038062127,6.720617038062128,0.24221457362509224,0.15219293187918193,-0.0014946015495779015,0.004291510167903371
-27.605512869948956,56.80531757506842,0.08984746383482883,0.19138723028857957,6.702001573890281,6.7020015738902785,0.24167724144707814,0.1520042216798384,-0.0013862377176769578,0.00399138640693904
-27.828045167941042,53.47971447391311,0.15062315040511057,0.15732272212271242,6.6682672833112395,6.668267283311238,0.24382767115946702,0.15059152127790498,-0.0010345985338594188,0.0033153992575002734
-28.055627645372567,50.15847877874605,0.20909083461693828,0.12199016377083122,6.630349989180278,6.63034998918028,0.24718033683255458,0.1488524639239195,-0.0006240647795634008,0.002370384088666412
-3.1459022437662547,36.81735942524366,0.39530670779139004,0.30672151022193456,6.424267563594924,6.424267563594924,0.23856210937171585,0.12394077807502213,0.0028845394669226713,-0.001711677849215664
-3.3869145112623333,33.51252041995837,0.4366055385538694,0.27884738562185246,6.442261342101359,6.442261342101363,0.23993626480313424,0.12557412013837954,0.002667404537850608,-0.0015901005184791584
-3.6277317969793126,30.20814576073733,0.4781033392906348,0.2516803457548368,6.460545272468963,6.460545272468963,0.2431560665751652,0.12753536761922324,0.0023640893497511987,-0.0012903349672078628
-3.8671223528521703,26.90335439491939,0.5207174804886715,0.2244581470247993,6.48176547109901,6.481765471099012,0.244396887972394,0.13032920145419136,0.0019317939630716526,-0.0008151830662597434
-30.156815940030736,61.987383092141975,0.9607674029371474,0.17045378916250087,6.768949839694808,6.768949839694804,0.23755734486971813,0.15176724206367043,-0.001698714132587884,0.005231246346363273
-30.373214613801686,58.65641209390043,0.057650218240362594,0.16652451707400912,6.759472833946453,6.759472833946454,0.23700031429745116,0.15174112229498804,-0.00166520548937375,0.005097376386702624
-30.591704090286434,55.32764197189485,0.1208105689930781,0.1324009960822183,6.727420515405758,6.727420515405759,0.23872798937017758,0.15156321116690608,-0.0014718300810912985,0.004475292873403546
-33.14720169023705,60.508993023863255,0.02469884862363531,0.13864674352969847,6.800340606376898,6.800340606376901,0.23300224963984084,0.1511086674192843,-0.0017617271538703202,0.005855868479876955
-4.104830809270963,23.59748615853684,0.5651760779227795,0.1967735156457988,6.507632436347384,6.507632436347384,0.2481182993586879,0.13417794503426017,0.0013681319773392363,-0.00021304837513621874
-4.2805711564010105,61.84508675805658,0.017341057937638873,0.49274903651554985,6.508416389729133,6.508416389729133,0.2681929690178624,0.13453780326505815,0.0014600599972092454,-0.0007129557804227163
-4.34121669402152,20.290248851680477,0.6118506709039642,0.16837262255015353,6.538628108421511,6.538628108421511,0.2505744608114343,0.13820723097202225,0.0007589245461152465,0.0004911016215395349
-4.497755553834627,58.529542212587465,0.07470359110007341,0.46535119773215317,6.495014515231929,6.495014515231928,0.25880124331278287,0.13364407091530672,0.0015563003065872365,-0.0007195708599852083
-4.575362200666688,16.981791195023344,0.6615437465125061,0.1389816019689886,6.576891682727213,6.576891682727215,0.24996687825364983,0.1436073210994464,7.552497199511988e-05,0.001329542018237875
-4.71698005139863,55.21487088008559,0.13098036367370366,0.4374840069030633,6.470817197324992,6.47081719732499,0.2509710162420491,0.1311285170816764,0.0018630539168457004,-0.000875745192028557
-4.807268709389452,13.670695004328733,0.7150961808386708,0.10819395785417275,6.62365447884196,6.623654478841962,0.24999128157210837,0.1485128509510779,-0.0005834457231558733,0.0023176456898146985
-4.941057500297732,51.902610785582816,0.1843197778892639,0.4093488734251376,6.449680340711579,6.449680340711577,0.24474961585213328,0.1281708360051007,0.002274418183725071,-0.0012242844844591093
-5.035591083200927,10.355460654771187,0.7720326868398966,0.07628778944902365,6.675933236537026,6.675933236537027,0.24483933963766025,0.15068021283500976,-0.0010683700797957953,0.003410080836167069
-5.170913196945467,48.59423273875429,0.23406268633447921,0.3806812410804837,6.4414861591023165,6.441486159102313,0.24146394006419714,0.12562473519490536,0.002649731101957463,-0.001546813569221175
-5.406531620126456,45.287615014384556,0.28028133443086906,0.3515738264668341,6.441840685066509,6.441840685066509,0.2372840953557095,0.123534150621751,0.002926501297603952,-0.0016982727509059405
-5.645677631374495,41.98163070039882,0.3238962782682371,0.32223605519589293,6.44311980327606,6.44311980327606,0.2361523110044932,0.12356341646397095,0.0029329645676640778,-0.001733480242236219
-5.885690681952032,38.675067719641206,0.3663895606769319,0.292367231489083,6.440454582469593,6.440454582469592,0.23685047159568917,0.12472020090975167,0.0027771883215456164,-0.0016401738035134675
-6.126892573593443,35.36790820419584,0.40876399642813843,0.2626189518368672,6.425657148619472,6.425657148619472,0.23984032267344668,0.126181332473972,0.002576517176534529,-0.0015081983540075215
-6.368693381650155,32.06038694187031,0.45135924619771717,0.23296033523391277,6.447952208731376,6.447952208731378,0.24287807014929752,0.12772751349654843,0.0023491240746524745,-0.001314229416270373
-6.60973812091104,28.75234302703396,0.4947074540030972,0.20337735184883704,6.471891646964583,6.471891646964586,0.24435275481924024,0.12990406359438256,0.00202116193490143,-0.000985492705079706
-6.8492320905765975,25.443249428710452,0.5396877067774531,0.17344131097115884,6.498060395045131,6.498060395045128,0.24841201350491848,0.13280654720005736,0.0015836990400366945,-0.00048431946303843033
-7.0881130959426235,22.13290430731062,0.5868950388695884,0.14267118379401605,6.525495253404262,6.525495253404262,0.2510754119758708,0.1362750868503022,0.00106659963457375,9.366040407789763e-05
-7.248146561261184,60.395993449094945,0.03788958649484367,0.4527779778489953,6.516745782380628,6.516745782380632,0.26307431793589087,0.13535518093385424,0.001326394155971446,-0.0005313361989524986
-7.326106680685969,18.822175913428975,0.6365945061872819,0.11083970881982842,6.554247206012619,6.554247206012619,0.2532167020056407,0.14018570462855684,0.0005298301084560265,0.000684617864529607
-7.465632347106215,57.080267608984784,0.09498844953821776,0.42502143108646123,6.498801618214362,6.4988016182143635,0.2540789995708629,0.1334798529887241,0.0015522949378838644,-0.0006373905084348518
-7.5621289758333745,15.510569472745477,0.6889143295221766,0.07862965019889513,6.587274788994792,6.587274788994794,0.25427641585017013,0.14528947689048222,-9.538490327443221e-05,0.0014113196477376418
-7.687099910067972,53.76604191043314,0.1500618184211961,0.3968407315110744,6.475567934660528,6.47556793466053,0.24991996970792008,0.13042459619350022,0.001941381227650044,-0.0008906422302234297
-7.914272353691322,50.4551583774845,0.2018399967587839,0.3681051863174492,6.461679200606916,6.461679200606916,0.24218766220240218,0.1279676872058222,0.0023067117995795644,-0.001258496976484407
-8.147297654824312,47.14697233549397,0.24995899406652813,0.33878132797127153,6.459774275213002,6.459774275213,0.23946701307763474,0.12593530441828182,0.002595535463029524,-0.0014770848301396031
-8.385131880425195,43.839465396841504,0.29470524908166323,0.30911626585676705,6.462848531921502,6.462848531921502,0.23873789626721253,0.1251744663907759,0.0027004168709540027,-0.0015472088035328815
-8.625143965580781,40.53164699782123,0.3382507955382466,0.27873028235306024,6.464009827824514,6.46400982782451,0.23673600268717943,0.12604521145271996,0.0025794433891519553,-0.0014635558068123989
-8.865892763250708,37.222508442139585,0.3816003696166589,0.24761954250076793,6.460216270780887,6.460216270780888,0.2391284480812338,0.127311903177187,0.0023999118164310385,-0.001329049801414272
-9.10769018286872,33.91221240368899,0.425461768026702,0.21602113556934377,6.438645955814238,6.438645955814238,0.24326260780667375,0.1286464553923442,0.0022160213352702364,-0.0012063277182457202
-9.349448403305148,30.6009963905471,0.469993450524608,0.184094843915884,6.467252818643217,6.467252818643217,0.2454139800853402,0.13044071327548212,0.0019712582213381475,-0.001011761621335848
-9.59062956621578,27.28902576979095,0.5161172408011935,0.15176189168225537,6.494853527432753,6.494853527432753,0.2495340282553964,0.13272433397827443,0.0016455504493745091,-0.0006887555110546778
-9.831054482732403,23.976494394399474,0.5640228749985335,0.1187717453078775,6.519744788028026,6.519744788028026,0.25132416051064843,0.13526637354330484,0.0012644179311824605,-0.00025686238102293316
-9.998229475983516,62.262402015305874,0.00037379067596861413,0.44017201730411265,6.532299289695867,6.532299289695869,0.26802876066024484,0.13637471113070343,0.0011502792408567247,-0.00026868176531129356
0.07557357204326692,0.005387994917833353,0.9591772415799372,0.07638450030025315,6.816057880287676,6.816057880287678,0.2301557465939934,0.15096678729004886,-0.0018130558782862513,0.0061567683743303896
0.2903968106625696,3.336934598012106,0.8949158884878661,0.10881241508593244,6.799494762616625,6.799494762616625,0.23263862326419016,0.15122341868129063,-0.001772527072181145,0.005842988915018923
0.3148635054650498,44.87194378775147,0.2968065381660267,0.40671085240450844,6.429244186249809,6.429244186249809,0.2387645912066565,0.12347571674327718,0.0029460480843490925,-0.0017451528436253974
0.5067717411351134,6.664075011427765,0.8325243614284535,0.14063424698182722,6.757941741608898,6.757941741608898,0.23728864687346052,0.1514491743435985,-0.0016199722290870086,0.005051913578883322
0.5496854126536409,48.17762790657914,0.2505496038817994,0.4348261960845669,6.448352357968988,6.448352357968989,0.24142736973042644,0.12566274994543514,0.0026544444281934804,-0.0015792507465555298
0.725268178104839,9.98457041350319,0.7730914758654426,0.17116402891380755,6.700255325701893,6.700255325701898,0.24332348965561057,0.15097014357348015,-0.0012494890873863012,0.003945624010192182
0.7784565035759737,51.485682176152714,0.20085287855064818,0.46294287476589524,6.47001666369623,6.470016663696226,0.2433127282361236,0.12789589299801185,0.0023109810354298814,-0.0012447938076750405
0.9470250860849762,13.298206244829725,0.7175472528459346,0.19982456527696066,6.6397733782654615,6.63977337826546,0.2482249717445304,0.14910494940309216,-0.0007056217102666579,0.0026861707409637447
1.0016728460300028,54.79756745328044,0.14781488732999387,0.49051128543243805,6.492440233552893,6.492440233552895,0.24959689189734846,0.1304425941439853,0.0019422261587485588,-0.0009011823523477898
1.1717129852540404,16.604860581977942,0.666569981713267,0.22648771243122356,6.58713661887848,6.58713661887848,0.2521544500019366,0.14410151532310111,-1.6194781161733986e-05,0.0015398278667804416
1.2210608100682245,58.11172342569523,0.09205482842916475,0.518083620222228,6.505581541743361,6.505581541743359,0.25443364659934475,0.13282410217574425,0.0016522139423983282,-0.0007548467613354839
1.3996825031317839,19.907258672313468,0.6191790329933512,0.2515109395991819,6.5478616845517195,6.547861684551718,0.25166122556493753,0.13853994725509655,0.000685774032472838,0.0006552130496110094
1.4384917236879067,61.426400837634056,0.03501150184016497,0.5454216350065711,6.500083548586179,6.500083548586179,0.2655676068081535,0.13352931626428244,0.0015776205211910329,-0.0007547942268519188
1.6310081260297125,23.207616584561908,0.5749041475424397,0.275411465900772,6.520868656751166,6.520868656751169,0.2500245437216684,0.13430833718589918,0.0013171467467550822,-6.999789371766009e-05
1.8651594601374055,26.507175353812926,0.5328588036400457,0.2985477194804328,6.5013525547141455,6.5013525547141455,0.24751880731377962,0.13065771414512817,0.0018720541231007706,-0.0007193118849538389
10.141990610773394,20.968412156268208,0.6149197945180864,0.38841637436038423,6.547365360684765,6.547365360684765,0.2660331554397396,0.13652758104305973,0.00102439617740774,0.00015327560818837802
10.371691729228028,24.26382853840343,0.5738245948712347,0.40916977152906703,6.537754888694513,6.537754888694515,0.2646006327909225,0.13478425716353715,0.0013020655771749184,-0.00020556416363714074
10.602990753176242,27.55890150256007,0.5338098437844716,0.42924646196082106,6.525859069456896,6.525859069456896,0.26274279808147016,0.13348324291974512,0.0015314760168704776,-0.0005587019157535735
10.834937002564905,30.85378652519223,0.4941195468319018,0.4488810746446973,6.508605644877582,6.5086056448775835,0.26097379563890954,0.13225303438242864,0.0017326108792891425,-0.000831564272174632
11.067219175339675,34.14949767536418,0.45422321790510956,0.4685207625751611,6.4842274121060655,6.4842274121060655,0.2596146263275091,0.1310428518480783,0.001909020281634775,-0.001017288294199569
11.300094904131726,37.446485326882836,0.4136905735037233,0.4886837291660373,6.4478242664062755,6.4478242664062755,0.25894969978767957,0.12996711688811557,0.0020569245034438525,-0.0011482207205089968
11.532850476086821,40.74497574817341,0.3721768933876651,0.5095214880787294,6.455672674505633,6.45567267450563,0.2559715706228758,0.12894429606829694,0.0021912551451901737,-0.0012377009819707927
11.765218382612403,44.04466085652204,0.32949124564027293,0.5313876642735712,6.467361260751137,6.467361260751138,0.25286698160487886,0.12841615667244988,0.002244178163477897,-0.0012145914181583995
11.807765298239666,2.5772784664340946,0.9023165687720127,0.28614554224805744,6.660481046184561,6.6604810461845645,0.2582327141764389,0.1506424740432608,-0.0009553690463092237,0.0029666585257646376
11.996191006836783,47.346384058905755,0.28499142429980096,0.5542466053415837,6.484668746144628,6.484668746144628,0.25104950550610294,0.12941287918287347,0.002069684466450418,-0.0009723667678813811
12.021539306726437,5.900080922402693,0.8417448555939353,0.31657554189454645,6.634968557875586,6.634968557875583,0.2614814557015894,0.1493152800936841,-0.0006713043041871888,0.0023985528742524933
12.222960529014273,50.65101298097796,0.23650843019662757,0.5786797680150946,6.506213727595423,6.506213727595423,0.24992631990620384,0.1313594796733364,0.0017529907555687316,-0.000546844017020569
12.237852003706754,9.2157218464799,0.7854639522717575,0.3453673791706657,6.600352294523148,6.60035229452315,0.2681345211967915,0.1459608862111692,-0.0002027427275213594,0.0016195981557699983
12.444219182108993,53.96025918550389,0.1838957178536569,0.6046304004342813,6.52851182059884,6.528511820598842,0.2503217274119014,0.13367313485258925,0.0013750933224445333,-3.450386189983915e-05
12.457147996505725,12.523762370256396,0.733728834735733,0.37185973399505223,6.56880254463859,6.568802544638595,0.2732212063319345,0.14249204656808812,0.00027315942447364865,0.0008969544101454312
12.662225905336356,57.27391741979175,0.12738551651401356,0.6319259092529714,6.546320208457207,6.546320208457207,0.2522818202139884,0.13612850421078615,0.0010446090057369393,0.0002378523140591848
12.679975455729545,15.825178079740915,0.6863351870714635,0.39617074954471876,6.5473525272936755,6.547352527293677,0.2756994045220308,0.13875822220900358,0.0007305613611461578,0.0003760834787144226
12.878160106374457,60.58963809836758,0.06811984864582589,0.6600033252583883,6.550375627991292,6.550375627991292,0.2561597554471894,0.13756493881569132,0.0008820339786110322,0.0002788698375255122
12.90571224330581,19.12257935351133,0.6426481450197826,0.41845218686038704,6.536807901480161,6.536807901480159,0.27583107289956055,0.1361886472409326,0.001081339074395269,7.213092927636105e-05
13.134169140174128,22.418344059641285,0.6011967960837282,0.43968746252540813,6.531063566769571,6.531063566769575,0.2746201740616444,0.13515883468414558,0.0012572747753287435,-0.00018565220989782654
13.36466730601642,25.71347641466194,0.5609142752860204,0.46009725455390615,6.524093216349193,6.524093216349193,0.27290872857435644,0.13459287286373733,0.0013856648162192662,-0.00044923783183829866
13.5958183825401,29.008186131863084,0.5211808414147284,0.4797652020363404,6.5131140323095735,6.513114032309572,0.2707701273388883,0.13391947803989612,0.0015190904052683493,-0.0006884943333890628
13.82677995081563,32.30277185049916,0.48164345373934564,0.498916976447703,6.495684317140514,6.495684317140514,0.2695515711176838,0.13330093160598422,0.0016235721183553375,-0.0008383959022770695
14.057436463441423,35.598008111246656,0.4416406025088751,0.5181354225841992,6.472307149396649,6.472307149396649,0.26814533326293377,0.13268660381223163,0.0017040015344884636,-0.0008976923887192657
14.288083865128753,38.894263518606685,0.40066651129971775,0.5378173347344973,6.476199072022961,6.476199072022963,0.26343949502951447,0.13178690823313455,0.0017984147413021949,-0.0008948779571218236
14.518096780958968,42.191705533959905,0.3589003152276373,0.5581726875437099,6.4813252775124575,6.481325277512461,0.2586848859249,0.131198831630171,0.0018580068448342474,-0.0008849074407519453
14.566214267780087,0.7197700596798808,0.9371433066048032,0.30748607394980015,6.620972394807081,6.620972394807081,0.26040204721561244,0.14791059759569947,-0.00048430598724809543,0.0020889313208772658
14.747713209129275,45.49026837609136,0.31567347080070707,0.579333668529691,6.490557824667674,6.49055782466767,0.25609724839172165,0.13173386618095706,0.0017670972211967565,-0.0007532577440982971
14.780176049551843,4.0424850084411394,0.8760314507431648,0.3378866477759431,6.606019215250191,6.606019215250191,0.26640820513958186,0.14670389416611895,-0.0003060808658023648,0.0017806772757447125
14.974945902221505,48.79189385267647,0.2689861794336411,0.6018623821966896,6.506440232684261,6.5064402326842625,0.2544559452813101,0.13341620334241944,0.0014991271579494394,-0.0004070252230974145
14.996023937448145,7.360272498170895,0.8182265763802629,0.36739605073107373,6.578854150173228,6.5788541501732265,0.2742572776930359,0.1435094831995546,0.00011861261330255538,0.0011760457907750049
15.197332545466697,52.09804284774956,0.21813492913420574,0.6263038089932912,6.527301540654705,6.527301540654706,0.25253575536154027,0.1353544452639578,0.001154639818477422,0.00012951188057343848
15.21587771533621,10.671133152624668,0.7648072810148113,0.39527811247758066,6.549578856480668,6.54957885648067,0.28235098332544806,0.13957052315816154,0.0006238829241596644,0.0005133838126591909
15.415651907458937,55.40995238496212,0.1630366527279816,0.6525289166264286,6.5500037508220466,6.5500037508220466,0.25193725407877554,0.13782765300016542,0.000765728397036316,0.0006193172208238192
15.439582107662249,13.975513698007838,0.715894632392573,0.42136750967711917,6.526673763437337,6.526673763437335,0.28649299071083056,0.13668071235392398,0.0010470725107718406,3.783066931949969e-06
15.631203484456751,58.725828864544674,0.1040725118585909,0.6805393385720825,6.565827975134411,6.565827975134411,0.2544609730409534,0.14014766002028178,0.000504915283772635,0.0008118705800052951
15.666857118677052,17.27507689790974,0.6711902961206405,0.4454301905546585,6.514343608491922,6.51434360849192,0.286872682742377,0.13431452588254156,0.00136524409001192,-0.0002574922223503194
15.845819746715732,62.04376598072024,0.04330314070463062,0.7094709720402577,6.567928732986159,6.567928732986157,0.2588270336720955,0.14091508758811744,0.00043632919632197674,0.0008070621407142872
15.895937474648345,20.57203039247991,0.6292078070826674,0.46794334745945326,6.509960317001621,6.509960317001621,0.28632334045811736,0.13348990204526656,0.0014868948485246701,-0.00038995590510508055
16.126364736073807,23.867737289056752,0.5884805474630378,0.4893743670310253,6.506995091684267,6.506995091684267,0.2848265293285658,0.1336449881946613,0.001510057874695176,-0.0005421152896607234
16.35770829884234,27.162822588611284,0.5484500202365951,0.5098888554860606,6.501627447363719,6.501627447363717,0.2830729641183404,0.1336826815617379,0.001544014131175971,-0.0006880381301873252
16.588669864868102,30.457166807764402,0.5089832537377941,0.529584059967121,6.491938561538211,6.491938561538207,0.28105852003764875,0.13391383238131382,0.001547104337456732,-0.0007937140780419103
16.818574425342923,33.751452105266196,0.4692363720206934,0.548794039304347,6.492913618433722,6.4929136184337235,0.27683173783158166,0.13430515045822244,0.0015030523416704384,-0.0007834809201106479
17.04809281851243,37.04633547915572,0.42880244319147154,0.5682139315019442,6.499390314312317,6.499390314312313,0.2717040384138899,0.13432816377879597,0.001474830764694477,-0.0006844977115813665
17.276818532135906,40.342148059435914,0.3876526312287531,0.5878514946919267,6.503658415197963,6.503658415197959,0.2666859464625515,0.13398951859955255,0.0014734720489644978,-0.0005415379941251207
17.50441608307732,43.638811690522644,0.34515894042828166,0.608200116066001,6.50795500797496,6.507955007974962,0.26202770555978205,0.1342219896483413,0.0014138506761501583,-0.00040679150264391416
17.53459878966813,2.1815364293352455,0.9116489431876159,0.3559197473690547,6.579942100536904,6.579942100536902,0.26949285131647516,0.14307069214442025,0.0001626816405754689,0.0011570155165559726
17.730527469744136,46.937292181799,0.29979850807932656,0.6294915208683877,6.517113636784073,6.517113636784073,0.25844628019545857,0.13579140013135615,0.0011752440796994473,-0.00012744880664985233
17.75015734922303,5.500353519012094,0.8528018498794748,0.3853551689084503,6.561261537929072,6.56126153792907,0.2780628991604067,0.14026262533966694,0.0004906835543788255,0.0008289068557437284
17.95315601613945,50.24014898771298,0.2506463861262472,0.6524323300196316,6.534159991627163,6.534159991627163,0.25628357606897867,0.13800435028485258,0.0008199419356786397,0.0003389511651812539
17.969426906879754,8.813969252901867,0.7976613465679491,0.4141910200257704,6.53441528660913,6.53441528660913,0.2867666587635709,0.1366736276392404,0.0009853623283566273,0.000243995353063941
18.171486593729487,53.548869915120356,0.19712120262885888,0.6772665171219034,6.557711610133106,6.557711610133106,0.25521483799833933,0.14093181312304048,0.0004094201071080648,0.0009209979373009653
18.1932369777328,12.121591979460192,0.7470750639012861,0.4416879840533041,6.509115091556664,6.509115091556664,0.29297792870107264,0.13381722070066504,0.0014378973353916175,-0.0003346441964884786
18.38674164553705,56.86355762007398,0.13931608562463377,0.7043860308053781,6.581993013017225,6.581993013017225,0.2526271094414412,0.1439498405656373,3.6337567194096637e-05,0.001365878450712688
18.421810688827826,15.424045659356377,0.7009722989793065,0.4677413659934938,6.490839833970362,6.490839833970362,0.2969744857773272,0.13158389899754164,0.0017680484607560149,-0.0006960304873677173
18.600244300102887,60.18230138245827,0.07833402951099862,0.7333780962033362,6.596476795190199,6.596476795190201,0.25369123963646945,0.14537041000595285,-0.00013387294264824757,0.0015510615575048518
18.653553427037284,18.72302891109874,0.6579904729142677,0.49211541173161033,6.482302064890488,6.48230206489049,0.2985193334256915,0.13034566263111313,0.0019285057648649304,-0.0008092487536627983
18.88558986570983,22.02031984716517,0.6165974673026464,0.5154540319839898,6.479020791017399,6.479020791017398,0.298071351165927,0.13080071620740508,0.0018919732943682359,-0.0008537041852820335
19.117961377377263,25.316329140208246,0.5761890236285819,0.5376092540108882,6.476636099602999,6.476636099602999,0.2965285714882506,0.13161234471880845,0.0018124151404402987,-0.0008777712330798434
19.350301123335917,28.61140730488942,0.5363297088890397,0.5587017224376644,6.47282074590902,6.472820745909019,0.2943610301673144,0.13244442654855826,0.0017267029727237818,-0.0008865323056718934
19.581072926209504,31.905688563663034,0.4966512200580107,0.5790539854643584,6.500736564310229,6.500736564310227,0.28576256064412797,0.13368554814277178,0.0015746527293266316,-0.0008067775527917336
19.810553983619993,35.20009461010136,0.4566704279773235,0.598896504621617,6.513633880948941,6.513633880948943,0.27983511535572625,0.1351167619733884,0.0013785694758544679,-0.0006350268219080616
2.1014338120385974,29.80583847460721,0.49228112083037107,0.32134584330085125,6.484335548533233,6.484335548533233,0.24637298966770083,0.127582248199559,0.0023443074851341584,-0.0012379202111148428
2.3397887035047256,33.105215285794905,0.4518822295013324,0.344603370222202,6.466478396501815,6.466478396501813,0.24270813074050146,0.12539970233000508,0.0026677256790179995,-0.001520518937276385
2.579222338557676,36.405922622048784,0.41129055341932846,0.36912322628542577,6.446129854009753,6.446129854009753,0.2419659371004368,0.12428867784896136,0.002824268988181952,-0.0016351546379979346
2.8188690504247473,39.708294827674344,0.3698341406851267,0.394822450193492,6.423738532620618,6.42373853262062,0.24066249557392472,0.12380358118835799,0.002891269426271623,-0.0016803336004718743
20.039137230034218,38.494827821371715,0.41588883039336316,0.6188100245134823,6.522124582071836,6.522124582071838,0.2743795949710339,0.13580459134947742,0.0012410926422220124,-0.0003860605070064329
20.266349051930856,41.79033299164515,0.3738271153754654,0.6390681661403653,6.527754827815226,6.527754827815231,0.2694636261215776,0.1360866048666849,0.0011409221848305991,-0.0001155165423773775
20.28639720579578,0.31881837791470885,0.9480848030892025,0.3715562293935255,6.559311222101128,6.559311222101128,0.26975554056183826,0.139829120549804,0.0005828599020035006,0.0005920268923949986
20.491405813384443,45.08694108500243,0.3295263570447713,0.6598865202760597,6.534580362721245,6.534580362721243,0.2646462792413352,0.13737821926876848,0.0009297516500687311,0.0001712955971774254
20.502051050688866,3.6370569689867813,0.8888583351965155,0.40063428937953605,6.549991517725687,6.549991517725688,0.2780854998019452,0.13772172988790443,0.0008191099343086964,0.00045709871744539256
20.713423946728764,48.38687392847377,0.2818096659100237,0.6817924334638811,6.548817954674647,6.548817954674647,0.260017015883401,0.14012230815967897,0.0005522618593984029,0.0006098880705065713
20.72024437433894,6.9526992457909325,0.832362230484489,0.4296318541563155,6.5281794040524055,6.5281794040524055,0.2881409344352952,0.13467922308936497,0.0012371098355751782,8.696829771566092e-05
20.93137188566233,51.69196344165869,0.22981831950950635,0.7058557792484085,6.571951317097758,6.571951317097755,0.2564003830177253,0.1435217152505035,0.0001084089177078214,0.0012168503310725969
20.943057284934678,10.263406384112892,0.7801115618440683,0.45787484103486786,6.501379621061277,6.501379621061275,0.2966792938570205,0.13136869734622758,0.0017347192765445486,-0.0004803228819173474
21.14598146794149,55.00407443314089,0.17337427615672088,0.7319824244334767,6.601135053184578,6.60113505318458,0.2523858050391349,0.1471670690555622,-0.00037240309802241667,0.0018896319697441811
21.171238536106834,13.568807611541594,0.7320697809447619,0.48523934283257836,6.477508251571905,6.477508251571905,0.3033946371984232,0.12869393997966827,0.002147176581291624,-0.0009770005721129378
21.358840318859627,58.322645915353064,0.11307833352217801,0.7605115731112959,6.627272010870515,6.627272010870513,0.25183093695959513,0.14948754236219675,-0.000676930885997546,0.002344650625838733
21.404458729813772,16.870182073546186,0.6876970111622803,0.5116988414977984,6.460439283142451,6.460439283142453,0.3081509809617232,0.1271415494502668,0.002393355992421863,-0.0012362850508341337
21.572028308808466,61.64439736176007,0.05092183092075755,0.7904598388411382,6.640162466055312,6.640162466055314,0.24943633618084937,0.14970133424086385,-0.0007303542615305073,0.002506989393542278
21.639354216624646,20.169590364785645,0.645394328513375,0.5369797375203308,6.4509843991160345,6.450984399116036,0.3101891783732781,0.12728185293804462,0.0023935747019723577,-0.0012939796962628217
21.874043614378948,23.46740457349878,0.604384776379688,0.5614583023727605,6.445670269546419,6.445670269546419,0.3103026398006046,0.1285633138565736,0.0022391346549787998,-0.0012560648834911367
22.108738732305806,26.76405725103777,0.5639990181990585,0.5847937842050742,6.442931310891403,6.442931310891403,0.3087231306548348,0.12995865466764245,0.002056363457569081,-0.001142636883471019
22.341968365707423,30.05947845912813,0.5243149493995203,0.6070369122397259,6.492367675943997,6.492367675943997,0.29547896893591596,0.13167587757955213,0.0018336892663786697,-0.0009851284999742088
22.573034292534036,33.35430319845089,0.484543460082567,0.628215192854941,6.512841676630318,6.51284167663032,0.28828848963216036,0.1336965797553349,0.0015553805109141485,-0.0007373400849806187
22.802513498276202,36.648894048852725,0.44397790075001753,0.6490098137957282,6.527485302922216,6.527485302922216,0.2820510390706302,0.13543364638028,0.0012894198249922958,-0.00042105044107288683
23.030719410970377,39.943739092480364,0.40224109343154996,0.6699703083737043,6.53807008011605,6.53807008011605,0.2761408249743811,0.13660287158604445,0.0010644912337297527,-3.154797795929229e-05
23.252932260910093,1.7722409287609004,0.9260436037720502,0.4143344834940127,6.542349333622017,6.542349333622019,0.2763280413605008,0.13691369844347623,0.0010038501925760082,7.525106497661314e-05
23.256090640757925,43.239575279421615,0.35876264751142395,0.6911840672498201,6.547933501109533,6.547933501109535,0.27075101344548225,0.13821066997233789,0.0008015380819442108,0.00032581579184583323
23.47012907728437,5.088500278429907,0.8687498607603598,0.44280851686061157,6.5283143202355784,6.5283143202355784,0.286052535442617,0.13427220577118448,0.001327319887742977,-9.442728953386514e-05
23.47813106720866,46.53722278294638,0.3121271001877472,0.7129259734979437,6.563034750277261,6.563034750277263,0.26457716809901877,0.1413684664189354,0.00039751068427445124,0.0007965904095207551
23.691446307582716,8.401642033925942,0.8147608950684905,0.4714515966279522,6.503033561974604,6.503033561974606,0.2964501233505724,0.13080149625368254,0.0018101492105954712,-0.0005397255418994578
23.69629348022409,49.83935761268746,0.2615799203114749,0.7365959850351073,6.587885542071403,6.587885542071406,0.25877500483124893,0.14539081248558128,-0.00011794364179439486,0.0014712727442051587
23.910807243230135,53.1482711164914,0.20634215716263438,0.76241610539709,6.621274650714756,6.621274650714758,0.25226522507738536,0.14905243345583075,-0.0006298866401150386,0.002303990007629274
23.91815350340401,11.709598578109684,0.7646051583451591,0.4994466394522096,6.4757804689229665,6.475780468922972,0.30548833325769276,0.12744963613881655,0.002318819860004092,-0.0010921035303096977
24.123108282271943,56.46496922716233,0.14726039827212745,0.79032400548581,6.657020612754446,6.657020612754446,0.24699290552286368,0.151223143587908,-0.001051649658161351,0.0030763520819516795
24.150418344060377,15.013298545081556,0.7184645580201934,0.5271441134742912,6.451899292372477,6.451899292372483,0.31304593817349335,0.1250868493485463,0.0026937178698876246,-0.001487483785442301
24.33500360653879,59.787752789626936,0.08520351375015985,0.8200254141234303,6.682597068820255,6.682597068820256,0.24485403258705019,0.15164486765227225,-0.001205720886775027,0.003499946651312629
24.38677944467139,18.314746148077536,0.6749845435096992,0.5542314216065499,6.4343318284870215,6.434331828487025,0.3181334635906683,0.12432330374872103,0.0028203579140760058,-0.001635076174402723
24.62397952002449,21.614957742370144,0.6331511743666098,0.5807273298670433,6.4217481381596215,6.4217481381596215,0.32096482071817267,0.1255261930024857,0.0026880146200455065,-0.0016450813541741844
24.861418317582046,24.913721345823696,0.5922964291232184,0.6065319577753804,6.413029198026786,6.413029198026784,0.321589791450126,0.1272973518781393,0.0024566127850022324,-0.0015278851308858702
25.098293664115026,28.211254065076382,0.552296651690995,0.6311971557538555,6.469498734259565,6.469498734259565,0.30689029283202973,0.12903640420082452,0.002203130900674784,-0.0013179398561462012
25.33263468540474,31.50743698916284,0.5123948918117509,0.6546960681820259,6.49612819774913,6.496128197749128,0.29880122879784476,0.1309314797359975,0.0019193161626623774,-0.0010116036675466014
25.564434749826404,34.80269784838695,0.47207607879475755,0.6771569031017429,6.516611634859917,6.516611634859917,0.29176688382495997,0.13306943320694686,0.0015935152102598852,-0.000628992771911297
25.794386311243986,38.09764660020305,0.43083048072134233,0.6990977879223842,6.532956443204984,6.532956443204984,0.28568716535125926,0.13512379891287063,0.0012591029105946856,-0.00017843322521764095
26.021783184091987,41.39337487469953,0.3879127560296548,0.7212387947236373,6.548167094480656,6.548167094480654,0.2782682329524261,0.13747326521847603,0.0008923883235840353,0.00027633374477123353
26.22020296318944,3.222362146113263,0.9060820584697644,0.45528929151719977,6.528217023382801,6.528217023382801,0.2828880264527984,0.13480199073408738,0.001337638197958783,-0.00034958529250982427
26.245165785062028,44.68997411458536,0.34198649137756315,0.7439550524572658,6.567271854342122,6.567271854342122,0.27016921560873985,0.14135358107458917,0.00040062781780602946,0.0007886657982651097
26.43967618238395,6.536713334522183,0.8505668791833697,0.48353055078545293,6.509033878247372,6.509033878247374,0.2933046877432648,0.13155181901535573,0.0017464236242855336,-0.0005998160569947331
26.464790115573017,47.98981978214235,0.2925115137077021,0.7680140109164415,6.596251117931292,6.596251117931294,0.2633704799251172,0.14630298215369852,-0.00021720861950358313,0.0015451752320981276
26.664367355921758,9.84721917175961,0.7984392781637383,0.5119799877414799,6.481233628374916,6.481233628374916,0.3041596003471331,0.1278389980727932,0.002278501253507594,-0.001104439391317306
26.680272981755998,51.29601220134047,0.23853417731948934,0.7940273982636028,6.635229832523256,6.635229832523256,0.2542961155748855,0.14989440328243742,-0.0007553068593503564,0.002514605023377603
26.893031816673563,54.61029603952749,0.18044934756769448,0.8218620515294773,6.679443133074617,6.679443133074617,0.24737858383444877,0.15159885839681086,-0.0012059400861052965,0.0035233321469304094
26.894582851651705,13.153291920995995,0.7502813826264819,0.5401383645453626,6.4536293209178694,6.4536293209178694,0.31382115681151435,0.12481642955333894,0.0027468827289951338,-0.00156977454890612
27.104523586909675,57.9323716957459,0.11884985359981236,0.8515900765281089,6.71792116190387,6.717921161903872,0.24091895963159093,0.1518433807482159,-0.0014538961331508708,0.004295350467912447
27.130194813249357,16.45649208079866,0.7053304261921308,0.5682765457705304,6.429972285803078,6.42997228580308,0.32135246802930184,0.12287054193362301,0.0030319965189431926,-0.00181004781126576
27.317136815658305,61.259014003900205,0.055311805407710427,0.8824263472468354,6.738072133762431,6.738072133762433,0.23727093939772648,0.15189885596753472,-0.0015531859233230323,0.004619470233158299
27.368648983281,19.75864335085321,0.6625274712739149,0.5962555275806888,6.411329267977763,6.411329267977765,0.32681155830287956,0.12289995377304197,0.0030426787351545918,-0.0018605483808656266
27.607938042064067,23.059733116563127,0.6212348180707568,0.6239797774893419,6.394945211125121,6.394945211125123,0.33024436722082884,0.12446748748501446,0.0028510081095434263,-0.0018042272709418836
27.847787214204484,26.359631610547112,0.5806108133986717,0.6508859354900757,6.4410180761727425,6.4410180761727425,0.3178947311219308,0.1261161050135594,0.0026279316294604855,-0.0016673915487864163
28.086512693912194,29.657883717572023,0.5404422833951354,0.6769232975063966,6.469001661331303,6.469001661331301,0.30935801530278295,0.1277034910433703,0.0023834488172262687,-0.0014284268204646665
28.322275386989695,32.954642221491454,0.5003428050861751,0.7015685289512356,6.492944701936594,6.49294470193659,0.301503190512438,0.1295090711669551,0.002076374213322803,-0.0010370368863908996
28.555033392072676,36.25052683847329,0.4594555195569857,0.7253114241381554,6.513179710317557,6.513179710317557,0.2941271939309641,0.1318780042421681,0.001697491040288412,-0.0005442930692494717
28.78497478702988,39.546742551234296,0.41680364932060787,0.7489227254505861,6.533159163568143,6.533159163568143,0.28695243435777873,0.1348671391238857,0.0012365588264365665,1.2657947329646524e-05
28.970319046697803,1.3558466391364037,0.9436765172677205,0.467536244446478,6.522076533387555,6.5220765333875566,0.27851926644878444,0.13506075716523092,0.0013689236573730251,-0.0005751516785976697
29.011339885567924,42.843693977803994,0.37159239364897906,0.7731987047988803,6.557135502996855,6.557135502996855,0.27644806540681455,0.1393195892504303,0.0006261634301710612,0.0006052252774235899
29.188695458082684,4.670326635796951,0.887049485724399,0.4953746008127259,6.51228455704047,6.512284557040472,0.2887555570018333,0.13265506324427734,0.0016611185656652157,-0.0007204376919747894
29.23368791951538,46.14251441758109,0.32296190506125366,0.7983861198485854,6.591025617556236,6.591025617556236,0.26679712691911983,0.14511753466001154,-7.47211420263988e-05,0.0013886277793044536
29.41092612463291,7.98274466731161,0.8331778109669254,0.5236820965062571,6.487808687638449,6.48780868763845,0.30058080711061963,0.1289535416297245,0.002146659457662517,-0.001080423743900195
29.451837537866744,49.44643854572353,0.27009576236728255,0.8251405140912584,6.636046353734505,6.636046353734507,0.2580407056734876,0.14940215648859123,-0.0006898807713916154,0.0024561257985359275
29.638839791171605,11.291095163904712,0.7828809755110483,0.5520311155791474,6.458859821274785,6.458859821274785,0.3119533125106697,0.1255275394481581,0.0026585405757477655,-0.001539201920742088
29.666396534957233,52.758431997372085,0.2128110518380234,0.8536386386410116,6.687961335862267,6.687961335862266,0.2485891294231155,0.1509394269389105,-0.0011600619471008814,0.0036456473574344463
29.872378878281072,14.595994859482339,0.7362097109656752,0.580795817352792,6.431978175199102,6.431978175199104,0.3216436381125116,0.12291770010709402,0.0030367522548573654,-0.0018463465533002914
29.879125054288085,56.07861290936152,0.15187502269753983,0.8837443391635181,6.7381049379776385,6.738104937977637,0.23938685349106947,0.15157254732469383,-0.0015326233497405862,0.004684049234245661
3.0576149915921813,43.01172977729739,0.3271113042959546,0.42165825218648084,6.430004556821007,6.430004556821009,0.24008157411947828,0.12371917021277701,0.0029123569714766214,-0.001722241189190596
3.0690385312410453,1.4847324214372595,0.9275472756843819,0.14044783298143293,6.797395520245173,6.797395520245173,0.23325494634651855,0.15138700179821518,-0.001780289415655997,0.005790997164066197
3.2835800378160123,4.813824918767955,0.8642789617012394,0.17234683886898494,6.769407814913832,6.7694078149138335,0.23741440950457404,0.15156466837027993,-0.0016754521818474176,0.005235493879216094
3.293875182572083,46.316450258023224,0.28229422095841594,0.4488034464432988,6.4502321027755745,6.450232102775569,0.2411451563060354,0.1248081888411301,0.002766115976266476,-0.0016358800781077348
3.4990277721450145,8.137089871697674,0.8038011712884311,0.20300628515480146,6.720420544818863,6.720420544818863,0.24432564990224814,0.15116355737678422,-0.0013641552045844242,0.004265826189652729
3.5252919809209025,49.62287951658156,0.23471082854457864,0.47625691083022514,6.472758925400333,6.472758925400331,0.24301671499111777,0.12687902821585317,0.002463662558526854,-0.0013836750030796912
3.716496075640431,11.452915370308762,0.7472571731359162,0.23152870423825372,6.663052598890394,6.66305259889039,0.2481951723106709,0.14974725374773823,-0.0008844277090417249,0.003114288243293827
3.750608199087801,52.932361667201704,0.18359182771398905,0.5036131339394507,6.4966463563269325,6.4966463563269325,0.2460831540475018,0.12913328320090445,0.002103244332485449,-0.000987673858122314
3.9373449203208075,14.760989791070088,0.6950868237239366,0.2579289818578266,6.609910930431202,6.609910930431203,0.25390501097078766,0.14645492416552086,-0.0003198433653668738,0.0019438382822727946
3.971626581430387,56.24520042236037,0.12943649678887986,0.530879704766977,6.516210621908257,6.516210621908259,0.24971285256601805,0.13201411176068467,0.0017266835115504649,-0.0007119220413376685
30.09137936145185,59.40520185157258,0.08855799978841696,0.9150321890593672,6.7721615649491165,6.772161564949117,0.23378661827487812,0.15160184886908268,-0.0017008131064933452,0.005327638793835005
30.11038300392988,17.899443535547757,0.6924776248963151,0.6094759483123026,6.409483439751375,6.409483439751373,0.3289866867964709,0.12150649861155727,0.003220480964640736,-0.0019373967464445827
30.35077344476847,21.202198690221415,0.6506325061451456,0.6381958576491423,6.389361092938669,6.389361092938669,0.3340166214114175,0.1218475263312504,0.0031705666453812047,-0.0018954805860156596
30.59203700826521,24.50409363938502,0.6094886681778383,0.6668013725225426,6.4150341327923694,6.415034132792371,0.32727829072364445,0.12302210798722246,0.003020478289977762,-0.001829930382005074
30.833441136162506,27.80473331586483,0.5688991989204617,0.6946560708581945,6.440476970269643,6.440476970269641,0.3191022910466311,0.12436431884625887,0.002847140803429321,-0.0017484195126401172
31.073344653233427,31.103576981233463,0.5286419592581452,0.7216922846825079,6.464173598821224,6.464173598821226,0.31048030774936064,0.12592396675617223,0.0026045672730003098,-0.0015050987089624509
31.310017263352176,34.401251094098356,0.4878288600121049,0.7477662664425289,6.4855849488251565,6.48558494882516,0.3026179634667543,0.1282734453967488,0.0022208419794306983,-0.0010724471230420505
31.543412341969088,37.69860259493557,0.44527416803603176,0.7734955935491075,6.507859563333053,6.507859563333058,0.2954183093131809,0.13160818423828524,0.0017094819332213742,-0.000480667194891159
31.773594242768674,40.996613199078794,0.400485845910537,0.799633624356134,6.53504195057676,6.53504195057676,0.28438603517574557,0.13615947404365003,0.0010454702647193135,0.00022194391005188257
31.938559423983918,2.803611425608171,0.9238787781187241,0.5075456435940381,6.508170500155323,6.508170500155323,0.2840822931533704,0.13329242386267948,0.0016167808220136663,-0.0008088996985849412
32.00005398401413,44.29599131051804,0.35255807736909855,0.8266657870753,6.572180787470597,6.572180787470598,0.2742302097841385,0.1419472947168744,0.000292686214633116,0.0010312092025321327
32.158431202194535,6.117131665151198,0.868426683684543,0.5354047142170122,6.491175050516045,6.491175050516045,0.29596712428981564,0.13024587732336113,0.0019961369346223924,-0.0010281526036871236
32.22215176782066,47.598831337544546,0.3007098233168507,0.8547321364811126,6.621524438201336,6.621524438201334,0.26173233747071056,0.1472127023267369,-0.00042244314630971764,0.002095588318937824
32.383704404956504,9.42757734099011,0.8161839518110305,0.5638203373889821,6.462588968706264,6.462588968706264,0.3086186658904536,0.126724379459215,0.002494716270948291,-0.0014330812913675923
32.44019653551665,50.90856691297692,0.2442173612123949,0.8843368708371402,6.679044524539691,6.679044524539689,0.2510775392491128,0.15004139274490758,-0.0009914012783665581,0.0034077447476206
32.61505699104393,12.734293861339328,0.7678107173406729,0.5925108172674607,6.434118907380174,6.434118907380174,0.3199214735612885,0.12369810084376387,0.0029292121865533514,-0.00177455696241382
32.655556681117496,54.22660449606242,0.1841669036048242,0.9155883502637646,6.737190996219835,6.737190996219837,0.24169660056717068,0.15124296182614638,-0.0014813169428044978,0.004642453501229038
32.85143872065254,16.03869412814668,0.7228579605660241,0.6215538246482166,6.409589324999603,6.409589324999601,0.32882938052132493,0.12133986649197692,0.003238425592933269,-0.0019346081972254332
32.86952954074523,57.55169167482869,0.12139842081841189,0.9474902258666118,6.784273320221685,6.7842733202216845,0.23420631796789637,0.1515023842289387,-0.0017413202858127645,0.005558512647449217
33.083205206221955,60.881628773096764,0.05657266623235012,0.9796361188297444,6.807447239408767,6.807447239408768,0.2306237829851342,0.15116346796147495,-0.0017994645992488237,0.005993257942805742
33.09188171401579,19.342176121772507,0.6801909442148609,0.65072756643766,6.388710174505757,6.388710174505757,0.33519974399782815,0.12024754330899179,0.0033591367317393245,-0.0019274452619756858
33.33387989642984,22.645273933650945,0.6386180698625914,0.6802348196461193,6.393300365813836,6.393300365813836,0.33384297913000915,0.12070061334163396,0.003298275449104755,-0.0018914441929371343
33.575920637224215,25.94774628526129,0.5975817188673661,0.7094619373393394,6.415913105084712,6.415913105084714,0.32677196867405245,0.12169502101376628,0.0031845173499424327,-0.001884000301051505
33.81801945290001,29.248931535755744,0.55683326406324,0.7381763462324554,6.437321018501493,6.437321018501493,0.3188566680823741,0.12291825315474614,0.0030211278148690734,-0.001790153787428884
34.058229919154506,32.549026845609596,0.5156957928392952,0.7665167519279176,6.457792215479044,6.457792215479046,0.3104842649831612,0.12509806463217132,0.0026944077596894583,-0.0014945236003338434
34.29526881827551,35.84848098959154,0.4731064838185962,0.7947164298124553,6.479975520803256,6.47997552080326,0.30135252949716096,0.12850549062609218,0.002174307163361074,-0.0009985321353428633
34.529382614572405,39.148240223223766,0.42839918165673757,0.8230140278626964,6.508022810148102,6.508022810148104,0.29242641838706107,0.13294741650874808,0.0015252530288993697,-0.0003168368991913711
34.68889480414061,0.9371597579187299,0.9609235987222223,0.5198603908782387,6.496032149660362,6.49603214966036,0.2804547411200147,0.133422931200875,0.0016071494282280806,-0.0008248936807177491
34.76066560029431,42.44913661548802,0.3807526427063417,0.8521508999599579,6.545472439726023,6.545472439726028,0.2809855997908278,0.13792979193320076,0.0007862463153966903,0.0004988654048438201
34.90764138461543,4.251161843239828,0.9043946662716394,0.5473723667468996,6.487732322985602,6.4877323229856,0.29126684205857467,0.1313593073318582,0.0018596717984782414,-0.0009563792385993914
34.987603894173986,45.7525078287986,0.329577789627288,0.8822896769862876,6.595022524749785,6.595022524749785,0.2681224517554811,0.14413062006519262,-1.4397812181334913e-05,0.001519910083708708
35.12983790972639,7.563167753112493,0.8503237629840975,0.5755188798816336,6.463065147749692,6.463065147749694,0.3045852134077145,0.12811200257768085,0.0022965529445590793,-0.0012803472403798025
35.2105258270513,49.061127467706264,0.2742637484273174,0.9135718500464892,6.654042524189142,6.654042524189146,0.2558632318054992,0.14917166690161499,-0.0007463722340977504,0.002831363801866517
35.358640899332975,10.871561505803495,0.8000278036668776,0.604115745406999,6.433553199536508,6.433553199536508,0.3171860871060036,0.12477827953341691,0.0027716213889389845,-0.0016436283914267118
35.43030735661357,52.376956626082254,0.21558044447540697,0.9458884567655276,6.7153653264583575,6.7153653264583575,0.24531755039016434,0.15084184630029251,-0.0013039360454367543,0.004189758369895405
35.59318115222266,14.17696086078893,0.7534333731163794,0.633251009741378,6.407979199896667,6.407979199896667,0.32739953028641855,0.12198497793773233,0.0031515045993461624,-0.0018823991738480905
35.647514942765106,55.69995492930518,0.15356093842392346,0.978761424943288,6.770277459484477,6.770277459484477,0.23665044260069257,0.15131577637884164,-0.001654058838045192,0.0052723789815785765
35.83236386595208,17.480651419044197,0.7097779260117045,0.6627067044256463,6.387220587482954,6.387220587482956,0.33454572005403815,0.11996477424614649,0.003400507362222539,-0.0019621404919829854
35.862768115954395,59.02912604626275,0.056253733883588404,0.0755903064702082,6.806410195131972,6.806410195131976,0.23259936259559066,0.15103463359554758,-0.0017773164514297917,0.005963559808645329
36.07428096780538,20.78436537715003,0.6677905932742071,0.6924378461531363,6.372603972161915,6.372603972161917,0.3386527309137958,0.1195742519326981,0.0034387006249220527,-0.0019416597606287725
36.316385291279374,24.08824841471343,0.6263031231625572,0.7224829716195746,6.394287812556431,6.394287812556433,0.3323549396696841,0.12031738854600837,0.0033529478005789974,-0.0019334262801012985
36.55885121991633,27.39137553744524,0.5846675616290465,0.7526029510473882,6.415217496049818,6.41521749604982,0.32484303751992527,0.12143932278135827,0.0032198771099947792,-0.0019079708572161118
36.80110629897802,30.693665087627704,0.5427946268056254,0.7828560210276343,6.435229263145928,6.435229263145926,0.3162010049421383,0.12307493769788935,0.002982261063082979,-0.0017133616873310374
37.04113751066421,33.99583806615946,0.49971478116334744,0.8131849210123547,6.45658021264755,6.45658021264755,0.3072643721343191,0.12588210684149126,0.002556257916583079,-0.001313684482629372
37.2786642601368,37.29817674932083,0.45463603981900846,0.8439882543713272,6.483618974361107,6.483618974361107,0.2966558935263095,0.12977780405569317,0.0019707776778914443,-0.0007410529440210895
37.51375361876759,40.60145342329716,0.4067785119681786,0.8754038955605383,6.519260575248984,6.519260575248984,0.28433783035676763,0.13478378634529764,0.0012540101646349067,-2.0556679583494934e-05
37.657764961710924,2.3845862352330913,0.9410869774882142,0.5596882297069098,6.479933773158153,6.479933773158152,0.28652930567418633,0.1323980045736195,0.0017213256149642199,-0.0008470813332333727
37.74598662400795,43.90672633901004,0.3562604980859373,0.9077692690918534,6.564964475788022,6.564964475788022,0.272050892618695,0.14061608782424506,0.00044121777918804605,0.0009069079346875035
37.8776451851619,5.697719071560506,0.8854332968015538,0.5873309354193459,6.448433088396284,6.44843308839628,0.30171097323008733,0.12968563887547502,0.0020707819437370766,-0.001087202862262773
37.97436747344769,47.2156072928099,0.3023461272418276,0.9408124024590119,6.61950664516619,6.61950664516619,0.26048311949427927,0.14658596065040497,-0.0003626293907744528,0.0020824593489766354
38.103066160889966,9.00778118541847,0.8329700444848197,0.6157903596574251,6.417744523922703,6.417744523922707,0.31606987133813735,0.12634591098645187,0.0025445074408365622,-0.0014593673910863593
38.19984909564426,50.52983771719513,0.2451605473808108,0.9744084493309983,6.677802919840369,6.677802919840367,0.24946218487359595,0.15015186966577732,-0.0009988709035682302,0.0033842736632750357
38.33553558038698,12.314477341026443,0.7843938922261282,0.6449070074435235,6.40169420674852,6.401694206748523,0.32543651342451074,0.12317383303478557,0.0029875974642324917,-0.0017727409013494207
38.42149236894795,53.85051015330068,0.15271105917280386,0.07067457881876621,6.733169529026243,6.733169529026242,0.24016888552612592,0.1510673360148186,-0.001432736298754525,0.004545984667867538
38.572872008535306,15.61885716835971,0.7394139645179617,0.6745697806806663,6.397215328426263,6.397215328426263,0.32995376157177125,0.1207882619909868,0.003308444787883562,-0.0019637128025468565
38.63953751786737,57.17742694652383,0.08902093472766175,0.10526070049492836,6.777463379898591,6.7774633798985935,0.2349180684774802,0.15139935296066176,-0.001695641032240696,0.005411545690944847
38.81365159769666,18.922747001698326,0.6965703578177229,0.704524026255188,6.39712033929988,6.397120339299876,0.3315401813002933,0.11956011698910218,0.003449577880111402,-0.001975202679761275
39.05564839237963,22.227433708384336,0.6543611298435901,0.7351856461692822,6.396029174533467,6.396029174533464,0.3311884453614389,0.12007460493800415,0.0033790749508853185,-0.0019292974966855312
39.297982578307064,25.532252240356783,0.6118728409392709,0.7664223995328484,6.395448418609467,6.395448418609465,0.32901920397166307,0.1215465476365043,0.0032074941965751416,-0.0019067471020713328
39.540749025715954,28.836502506475796,0.568855937043189,0.7981531640491216,6.417907835314837,6.4179078353148356,0.3202534819453512,0.12315147684539007,0.0029967379570185327,-0.0017966782702750353
39.782783361393925,32.14107438996193,0.5246875231723973,0.8305219579923279,6.440905676832228,6.440905676832228,0.3103104587858443,0.12501124672046393,0.002697091445897735,-0.0014690019119288978
4.161414459674787,18.062901182344053,0.6469707291309419,0.282280136207544,6.569427613974721,6.569427613974721,0.25380211913339135,0.1415096732330976,0.0003322976692726722,0.0010317048512935624
4.189913425972382,59.559367638141694,0.07302098746970617,0.5581978925583106,6.519960151053274,6.519960151053276,0.2569667172778325,0.13387271550394686,0.001514589950104209,-0.000652166738614754
4.388843906326357,21.36206329361172,0.6022874393400881,0.3049880095005729,6.542893813417509,6.542893813417507,0.25331292774908354,0.13657810899824163,0.000972790940165453,0.00033119304694751513
4.61974174035828,24.659775610455252,0.5602667906286106,0.3270292420244915,6.525051102184042,6.52505110218404,0.2517033978343205,0.132822887517432,0.0015225451361352456,-0.000255774026601227
4.853226896380217,27.956662394790843,0.5196376388778293,0.34849232599238517,6.509146927450326,6.50914692745032,0.24981927644276503,0.12996412782508215,0.001967153694743864,-0.0008027244877891034
40.02291520930665,35.4465382183666,0.47880215170284574,0.8635051009158592,6.46763288013236,6.467632880132362,0.29925860529671955,0.12787087256474905,0.0022397789556695673,-0.000977547862780612
40.260828868754686,38.753157011182374,0.4306320023146598,0.8970955679463051,6.500391907626248,6.500391907626254,0.2870434326695651,0.13225349035719236,0.0016081170258114622,-0.00035328837869364973
40.40849430419924,0.517647636460546,0.9784030737986484,0.5722049371149022,6.506415982886967,6.5064159828869705,0.2753772403657926,0.13357375190483844,0.0015553557455312656,-0.0006873527469419379
40.496899146279546,42.06120852528957,0.3805359626202132,0.9314864587942647,6.53992086305839,6.53992086305839,0.27472883601663023,0.13737532485907789,0.000868472649082392,0.00040814531879749096
40.626930317829995,3.831613700655243,0.9214697211576374,0.5996524404971005,6.481224218209952,6.481224218209949,0.28932312681328154,0.1314007742792519,0.0018218898666144054,-0.0008282984683417402
40.7307900899407,45.37146695959688,0.3278079233586013,0.9662428439046445,6.585110581601498,6.585110581601498,0.26409172216066346,0.14333525950372872,0.00010118173201185711,0.0013252237269292385
40.84904807886256,7.143498529242794,0.8668273975655114,0.627858686333804,6.4498366981228745,6.449836698122869,0.3037146117322962,0.12829368596834279,0.0022449466380042625,-0.0011676940200099392
40.96143729549016,48.68492144973876,0.24103033451371264,0.061678142388034304,6.6335853297254115,6.6335853297254115,0.25073250628029276,0.14829055033078054,-0.0005781773973663482,0.002397936234546774
41.07826404720581,10.451800674042179,0.8160868988878474,0.6568684193017722,6.4272267665123,6.427226766512298,0.31555707341245365,0.12503258328164413,0.0027138432154477916,-0.0015381433510234244
41.188467090782396,52.00349306937725,0.1819740175539994,0.09746454353000839,6.68228761902002,6.6822876190200216,0.24365485529962827,0.15050792757228026,-0.0010753712572137439,0.003522910682352554
41.313442132534426,13.75758532254535,0.7691114471668468,0.6866400237354975,6.418967191858963,6.418967191858961,0.32130510933418643,0.1224211498983584,0.0030851206740379476,-0.0018196032279143568
41.552688097913276,17.062060576417934,0.7248198468174859,0.7172017630985122,6.418128230400978,6.4181282304009795,0.32380974837729126,0.12087469528975303,0.0032873045679878,-0.0019224352378881735
41.794286392450836,20.367029087031657,0.6814360536200919,0.7484376564400265,6.4189672839966985,6.4189672839966985,0.3238561022442341,0.12102064403019486,0.0032592196675831353,-0.0018802202097060558
42.03632943495,23.672769515563157,0.6379927580261128,0.7807379494884035,6.417491696965648,6.417491696965648,0.3225577701105856,0.12267358786640647,0.0030583730804785744,-0.0018254073601917185
42.27882564906155,26.979028470304833,0.5936714233469212,0.8136838454770753,6.403264933233679,6.403264933233679,0.3219748415273287,0.1244203723103332,0.0028393245553847736,-0.0017429308492259339
42.52155204394131,30.28603456827889,0.5483618231932732,0.8475612694684946,6.431032189340243,6.431032189340243,0.31083740743748267,0.12604076664327413,0.002591944663533168,-0.0015068929388632787
42.76338687675812,33.594555672973556,0.5013071563010656,0.8822308090406318,6.460648405551478,6.460648405551481,0.29911221831375123,0.12810469883191533,0.0022488808504033324,-0.001105249502242163
43.003514526342165,36.90463722970469,0.452739246253813,0.9178335389310527,6.492377400804477,6.492377400804477,0.2868726450276118,0.1313353779189549,0.0017638165899358873,-0.0005786763222732278
43.242473478721685,40.21601742894605,0.4025857167101673,0.9537559371165395,6.525437728958424,6.525437728958421,0.27502142354296877,0.1350604097475111,0.0012069996501015505,4.773208868886353e-05
43.37706441905399,1.9652320673413812,0.9582675651531322,0.6127558797084736,6.50949132764471,6.50949132764471,0.2777192912557719,0.13353965733913886,0.0015163687226209719,-0.0005235458247246936
43.4798699831663,43.52838245965895,0.3507542394723897,0.9900953152321489,6.558858687380768,6.558858687380766,0.26493684528556427,0.13949024326848058,0.0005901514974367098,0.0006971826048434923
43.596818432419205,5.278856610771914,0.9016640513929056,0.640628665171593,6.482574250441758,6.482574250441759,0.29127404959129255,0.13078330002336713,0.0018746522144980273,-0.0007802116271534864
43.71500009468637,46.84208549995456,0.2654966316806965,0.08552170912083172,6.593512039208177,6.593512039208177,0.2522294462350816,0.14493901230226225,-7.006066780434965e-05,0.001440426896854818
43.822130066362924,8.589299079271848,0.8485095236640612,0.6695798713184632,6.4553511630803815,6.45535116308038,0.3035870885639106,0.1275078041379898,0.002334770988598082,-0.0011732922588009154
44.054612043126596,11.896818553765607,0.7991043625151839,0.6994494558065885,6.441482425063883,6.441482425063883,0.311957619768898,0.12477052600297212,0.00273090728988236,-0.0014934723101612546
44.29190323357448,15.202444983161492,0.7527822192932973,0.7305322255970543,6.43907526674132,6.43907526674132,0.3152654965920707,0.12328639298225852,0.002953893184703068,-0.001696693316848238
44.53252360610114,18.508005517448243,0.70779682556068,0.7626124014104765,6.441747248802345,6.441747248802342,0.31567657326507004,0.12308377204932996,0.0029859940678074693,-0.0017304239796222028
44.77435973560588,21.814574132226728,0.6630600208844866,0.7957741826638747,6.4435208171666805,6.443520817166679,0.3141876917766607,0.12450809445891675,0.002810065972389697,-0.0016728620570982137
45.016305953171276,25.12257148417991,0.6173166807286161,0.8300234737773301,6.442694770068417,6.442694770068419,0.3113819395595778,0.12609199679119343,0.002600497666793996,-0.0015585544676519271
45.25880466249958,28.432219559877897,0.5704802194247944,0.8651248178433535,6.424735441623707,6.424735441623712,0.30988041319093007,0.1276122543015099,0.002384804728525289,-0.0013963185639032912
45.50141726360597,31.743560795683074,0.5224203949951736,0.9011846888337814,6.45865267940049,6.458652679400489,0.2970547873618713,0.12933915308284782,0.0021138947540061672,-0.0011120173901051
45.7429814159376,35.05643047236387,0.4735753086634343,0.9378421343600183,6.490862557483769,6.490862557483773,0.28463378788013605,0.13171123476567692,0.0017638366514622834,-0.0007315740400167932
45.9837539629943,38.370309539775874,0.42329159417138473,0.9748549674404354,6.519479366181379,6.519479366181379,0.2735703594128529,0.13399816994521752,0.001403551990982403,-0.00027615159453617347
46.12780155920848,0.09910766546238149,0.9952978151855144,0.6269187729179727,6.532375355874596,6.532375355874599,0.26786104553653856,0.13560028652934464,0.0012021702166546283,-0.00015327386618353613
46.22376795820387,41.6849035325906,0.3407013561442547,0.07000625191654448,6.543711606856691,6.543711606856689,0.25600012033340447,0.13678070008913235,0.000987694654161068,0.00019147681993177904
46.345789140179,3.414311863863984,0.9371577175054011,0.6549592645933188,6.512890249283963,6.512890249283961,0.2792325853854951,0.13396032515547784,0.0014244917963382262,-0.00034129156710888386
46.567765926779515,6.727272252344731,0.8814670804022448,0.6836582139586012,6.486712298677146,6.486712298677148,0.2917540240635056,0.13103368328203502,0.0018287836754659215,-0.0007058271400881073
46.79665459555366,10.036804165192445,0.8294009512177668,0.7136252408368681,6.4670846810216,6.467084681021602,0.30146692247820717,0.12799390946847267,0.0022509913583275707,-0.001067935719028272
47.03193008403979,13.344205819831643,0.7805651007831406,0.7450538132598953,6.4609964629931635,6.460996462993162,0.30597106232781934,0.12645666898535757,0.0024944407100316733,-0.0013235070632012164
47.27084058936862,16.65076386647891,0.7335686319005524,0.777922721866266,6.463438298271935,6.463438298271937,0.30695999897870685,0.12598006952163276,0.0025760160105307984,-0.0014247595927879251
47.51198725251516,19.958592397153506,0.6870989285893594,0.8119260303803386,6.468326491456658,6.46832649145666,0.3054051221105293,0.12660624623831385,0.002491517647831672,-0.0013736186254047367
47.75384887775513,23.268389104197638,0.6400015252787675,0.8473249251061991,6.471191137518398,6.471191137518394,0.3021829372617483,0.12830543731198385,0.002271572707649997,-0.00126860218430882
47.99578888523478,26.58050569249038,0.5917272051898648,0.8834826066611813,6.471022949658526,6.471022949658526,0.2979587679185255,0.12961621259921285,0.002099054326297484,-0.001167473277021501
48.23841938147347,29.893895516326552,0.542939119697703,0.920290761762603,6.457475444394067,6.457475444394069,0.2939744874328233,0.13095075453434102,0.0019249145611082612,-0.001040891887831326
48.48081735657156,33.208572286870144,0.49362403710933384,0.9574186894427157,6.490043644243585,6.490043644243581,0.28170506140045226,0.13240733402585014,0.0017101253985303746,-0.0008079107797823367
48.72261824398408,36.523849796867054,0.44350118484932916,0.9951289080411186,6.515838106448362,6.515838106448362,0.2709857993316649,0.13395220393667517,0.0014736136104859822,-0.0005269057526892157
48.963543161521095,39.83971611254807,0.3618799234358741,0.08978539349187453,6.535392801174245,6.535392801174247,0.2534816003774587,0.13538040909034854,0.0012359260073679615,-0.00019366617771686463
49.09561732948089,1.5502765177378568,0.9730212294209856,0.6707900816626603,6.540868714980951,6.540868714980952,0.2690894248190784,0.13725374887960173,0.0009412484788163004,0.0001777047908173211
49.314966657896086,4.8659616363336085,0.9149564623688267,0.6997662336743277,6.520472843818629,6.520472843818633,0.27994718787065564,0.13546696703231442,0.0012078745460327115,-0.00012098821611110091
49.54023764813183,8.178329898099472,0.8599516182203566,0.7298541629094684,6.498055103083461,6.4980551030834555,0.2898951200298553,0.13273688698568276,0.0016061396972730788,-0.0005422915378273992
49.772522885474515,11.487748293449952,0.8082711116449013,0.7613715369664062,6.486298475955101,6.486298475955099,0.29597910527991644,0.13042143799537254,0.0019235484989147175,-0.000820970243894311
5.088620336722903,31.253454896060802,0.47936989937718893,0.3699825001310972,6.490463863024132,6.490463863024132,0.24889515314989152,0.12792162833439213,0.0022979149022995483,-0.0012080521795210467
5.325705160664448,34.55165524634233,0.4392783703680625,0.39204068409878357,6.467834625223345,6.467834625223345,0.24656185424417887,0.12678880555483096,0.0024919582265355246,-0.0014492527113173087
5.563779141934888,37.85164802597405,0.39858925297901715,0.4152369752999977,6.44255259776495,6.442552597764951,0.2452564385077619,0.12597105833917333,0.002611444458386065,-0.0015490306195996165
5.801623601321907,41.15359635933234,0.35665852336643783,0.43956792281576795,6.428434632935888,6.42843463293589,0.24503355161785134,0.1251024662271557,0.00272981325075923,-0.00162415174931207
50.009830794927396,14.796231132026515,0.7589102282800209,0.7947627675810595,6.485248210056401,6.485248210056401,0.2981878839449952,0.12948352518239192,0.002061917440986731,-0.0009712320367697452
50.249936299449956,18.105542470073058,0.7104670406320983,0.8295363470699422,6.490501356178591,6.490501356178591,0.29672875683460753,0.12928727662037387,0.002078261831427443,-0.0009543197353764801
50.49167142027713,21.417218839394693,0.6619610636235658,0.8655749621995376,6.496228728770214,6.4962287287702125,0.2933915078315116,0.13072034483406658,0.0019158675661608252,-0.0009127447558346765
50.733283118064755,24.73067230640842,0.6127777559834767,0.9026258045232172,6.497651998701826,6.497651998701826,0.28934102429964426,0.13205221748196205,0.0017702216005816575,-0.0008943585495362866
50.9752977905886,28.045348669550105,0.5630953298117418,0.9397274422303254,6.492527677107766,6.492527677107766,0.28472334359799023,0.13274608152448286,0.0017012691860779552,-0.0009113366810043635
51.217874323805354,31.36061826867915,0.5133446856511822,0.9771833826147,6.485440565510784,6.485440565510785,0.2786895596271721,0.13334592426296477,0.001621999172082097,-0.0008506117535599576
51.460248386081,34.676720229453394,0.43317577773965776,0.07131738089440888,6.510205034725166,6.510205034725164,0.2570742149637696,0.13431788529541488,0.001481988178356278,-0.000707843882129838
52.064124801719345,3.0054715353911723,0.9489101463999191,0.7183215665808296,6.557200072221569,6.557200072221569,0.2706532497426398,0.1400919210242677,0.0005542566479210192,0.0006133087153939293
52.285806690985915,6.3213336323868985,0.8909606630285474,0.7485893147608741,6.536869884226428,6.536869884226428,0.27771714213786625,0.13807525101479046,0.0008486699854543956,0.00019962930499161342
52.51464969196934,9.633522406500957,0.8362799815094752,0.7802224490623071,6.518656846711545,6.51865684671154,0.2851634224656847,0.13543358041128517,0.0012236690971342244,-0.0001681533221121887
52.74990149229076,12.944492798923125,0.7842293387014512,0.8135697019520286,6.511089178593387,6.511089178593387,0.2890048898527935,0.13362554412664407,0.001465248045829106,-0.000361873147595474
52.98869099832963,16.255699825806733,0.733501839758434,0.8487082995442594,6.511850968206803,6.511850968206801,0.2887077356160538,0.13277315870001027,0.0015820440364496867,-0.0004643746782192908
53.22968201228254,19.568524330734736,0.6835715541290096,0.8851785443012068,6.51637910803562,6.51637910803562,0.28562936532963756,0.13309457146731574,0.001562637610324969,-0.000520465083688732
53.471300843477664,22.882620237763184,0.6334691608498249,0.922351238792367,6.517571033052066,6.517571033052063,0.28186468426982025,0.13408719469176178,0.0014838337322027884,-0.0006211148799723153
53.71299793387112,26.197685522707467,0.5830265401666462,0.9599134071697515,6.511328813512261,6.511328813512263,0.2779146206744604,0.1342352518665525,0.0014961859472942898,-0.0007287975263149271
53.95491844473472,29.513245009218174,0.5330078247913783,0.9972774914859456,6.497061962838071,6.497061962838071,0.2733613239537508,0.13416450182747974,0.0015293395285726477,-0.0008272511398864733
54.81654569983276,1.1463867727259187,0.9829760725712494,0.7396607795148504,6.597487249502663,6.597487249502663,0.26018158527514645,0.14518593486948217,-0.00010753155248282111,0.001507997324718695
55.035069799386825,4.4655540676911025,0.9228377689260242,0.7702028970320827,6.584316011109086,6.584316011109086,0.2663148459722302,0.1435748309267295,0.0001023425710228906,0.0012224376742433676
55.259889969356074,7.781754247215464,0.8651099095693958,0.8018067563534919,6.562374603255206,6.562374603255206,0.27415961893361307,0.14092663690083929,0.00044361590273920214,0.0007696607771422895
55.49190424744389,11.095628173597953,0.809959590368182,0.8349241316956604,6.54504729753417,6.545047297534168,0.27838420173415535,0.13845819324567,0.0007540136741874348,0.00040791658383519306
55.72900114686434,14.408759801061661,0.7566398079606538,0.8699541257186284,6.536665686177052,6.536665686177052,0.28017606366769254,0.13689908712022147,0.000993583861491253,0.00012067701743055923
55.96873366005046,17.722048327429597,0.7051364995398425,0.906191329629505,6.534241150976932,6.534241150976934,0.2783820215978984,0.13558347647044633,0.0011853592159134765,-8.178353928661539e-05
56.20990236594236,21.036376214574215,0.6539281277960373,0.9431498183211025,6.532097838367674,6.532097838367672,0.27540846781311645,0.13547785013102753,0.0012514263609363324,-0.0002929102411989073
56.45133182029658,24.35143464453018,0.6031098810374816,0.9806440145103884,6.524013024518007,6.5240130245180055,0.2719854558664745,0.13546173568765563,0.0013124636408160448,-0.0005210990218753792
57.78965154513619,2.6110081830063603,0.9556330198575169,0.7946536715857243,6.63725766870906,6.63725766870906,0.2551899502049729,0.14848651458436257,-0.0005974896782747234,0.0024061489756930263
58.01092000624003,5.931737264742146,0.895155291086699,0.8262782200173715,6.617800260300159,6.617800260300157,0.2622121789695624,0.14669850251768013,-0.00034842225926899514,0.001972870128791987
58.23827345591821,9.249017865887769,0.8369199461293263,0.859237292510105,6.5913001368653745,6.591300136865376,0.26805079270205767,0.14468505096701523,-4.3373932083107995e-05,0.0014241146289204248
58.47210339791251,12.564230510108878,0.7808720116297929,0.8937100939320306,6.5698288661542215,6.569828866154223,0.2708809576805913,0.14249466829240398,0.00026590762661141164,0.0009284272887153489
58.709899890721374,15.878146995075236,0.7268868216941191,0.9293239755836268,6.5553427787779555,6.555342778777957,0.2712778955234709,0.13926363668269204,0.0006558253436411721,0.0004950702342968497
58.94980199501102,19.192196488892982,0.6744205554606097,0.9657864886028295,6.544938258409051,6.544938258409051,0.2701201708088905,0.137217539232249,0.0009613351694491446,0.00011518075909504257
6.037928474243335,44.456783703565655,0.3131903530083355,0.4649735591602662,6.447917684711024,6.447917684711021,0.24403255741250585,0.12492485378160023,0.0027506674440257606,-0.0016274156712973336
6.058911880009117,2.960844645984721,0.8971610933404307,0.20248845235731847,6.755101085553958,6.755101085553958,0.24080847011741724,0.1516613367103794,-0.0016151032963963078,0.0049354293779160395
6.271234426721812,47.76148850935473,0.26765772117673575,0.49098743206490836,6.470184433363473,6.470184433363471,0.24375764278655776,0.12638530340505905,0.0025359524806136124,-0.0014444539071070673
6.2726357534075285,6.286481451628176,0.8355899663176991,0.23343874556401856,6.719442708413687,6.719442708413689,0.24733977539961272,0.15135207866787703,-0.0013715389804670138,0.00421278872631793
6.487863827354983,9.604914689429895,0.7778001766787196,0.2626338293170782,6.670382228602202,6.670382228602202,0.251076707723215,0.15010589563764987,-0.0009524510826278913,0.0032170142296101124
6.499187078341576,51.068460116139164,0.21871967746154655,0.5176803476306785,6.494568070442654,6.494568070442654,0.24361991845562814,0.1283743823053567,0.002207975403936178,-0.0010669266563391084
6.705826411510461,12.91535665250855,0.7242586250361959,0.2893237822601058,6.621481054308196,6.621481054308196,0.25807552025918357,0.14763307376941492,-0.00046990840644015475,0.0021373606525212766
6.721797626959343,54.37898700602367,0.166348038980906,0.5445539004677904,6.5172319847056635,6.517231984705665,0.2470704673009565,0.1310558670360239,0.0018133509183544214,-0.000655497009417232
6.926999308285396,16.218364012267877,0.6752051917945846,0.3136603447213482,6.582554105647903,6.582554105647898,0.2589046749874945,0.14366013242675924,9.933383964099053e-05,0.0012011954667047583
6.9411920281449255,57.69231856572214,0.11089949039040824,0.5718092158927511,6.530711163321811,6.530711163321811,0.2517827472874975,0.1337927836216235,0.0014763153100377784,-0.0004724565472271351
60.55062783593747,0.7567147072656578,0.9890888757627139,0.8216434581961279,6.690474057915391,6.690474057915388,0.24700020799333522,0.1513545049597509,-0.0011944110791229188,0.003592159223356558
60.768556130000206,4.081561113538185,0.926619650299489,0.8535048932698812,6.678731405620148,6.678731405620152,0.25107360696936887,0.15073223193698948,-0.0010537376132078694,0.0033248463361184814
60.99163768656156,7.4034500386599245,0.8657075916807095,0.8863793573195213,6.649409216231065,6.649409216231067,0.2552926664224834,0.14973509828734488,-0.000785012630174464,0.002713890552901013
61.22077630416535,10.721520719961354,0.806806782466388,0.9201319925047072,6.6151779382697455,6.6151779382697455,0.26133579930948714,0.1476364398002481,-0.00043876493331198446,0.001996240810857487
61.455363781272894,14.03681607437429,0.7500129803325122,0.9551067347053506,6.5852789247564925,6.5852789247564925,0.2632532741336203,0.14480444204759013,-2.4744215072913992e-05,0.0012918904436414692
61.69265824637054,17.35059594083828,0.6957162462553371,0.9906291159292752,6.561466422742205,6.561466422742203,0.2646837961686692,0.1407801132793789,0.00047817307010356524,0.0006743293110505099
63.53410872345327,2.230525057445445,0.959344212202974,0.8829846869076448,6.736274426107076,6.736274426107075,0.24016553382821915,0.1519025899430072,-0.0015380555120180755,0.004564980166826734
63.75348848776659,5.556716388868613,0.896332365544834,0.9155989900776769,6.7111408696860835,6.711140869686087,0.24607079189164127,0.15145996593374367,-0.0013497061993119708,0.004091281046941439
63.97765310213865,8.879051575358147,0.8345225386655469,0.9491477490377923,6.670249009732098,6.670249009732094,0.2517054577684119,0.15043060121925667,-0.0010021931868222163,0.003261607409904501
64.20701307558566,12.196739739414937,0.775278573128208,0.983222783679687,6.626728222661573,6.6267282226615745,0.2550030764804151,0.14900605909032816,-0.0006236365543046802,0.0022929998853742422
66.30684900393533,0.37855007102758487,0.9922503459408804,0.9142418729121695,6.782002301908605,6.782002301908605,0.23369543641647872,0.15159178505587234,-0.0017367882068097694,0.005491440402437815
66.52331854979973,3.7080506877217934,0.9279867972787929,0.9467051883523467,6.76659884121189,6.766598841211888,0.2353627869249456,0.15159524592357632,-0.0016693336487584082,0.00519242570631519
66.74307424702457,7.034474411610972,0.8642372618888069,0.9798904438716011,6.727467569853476,6.727467569853477,0.2423539101320905,0.1514999194197486,-0.0014543579597001586,0.004440651049316531
69.2991641933627,1.8573737436547497,0.9599561586007874,0.9791119914860036,6.804112429513616,6.804112429513612,0.23123110439965255,0.15128658942372952,-0.0017961089595630556,0.005913601629444626
7.15125543822676,19.517120772835792,0.6298688716354011,0.3359895465468305,6.5578610339597105,6.5578610339597105,0.25902233643490746,0.13865093099378478,0.0007016502308205827,0.0005389338870065452
7.158272062667741,61.00662083028694,0.05335718681797569,0.5992105326960259,6.526978353492792,6.526978353492792,0.2594313648314909,0.13471976382505035,0.0013736074743640786,-0.0004544758503307051
7.37933770037258,22.81378054973894,0.5875353475614672,0.35741491566759354,6.542546349655325,6.542546349655321,0.2577418677581711,0.13509275758783024,0.0012064875571881394,3.654498450178801e-05
7.6107459633937165,26.109641576079266,0.5466575237621502,0.37831328701006856,6.529275735187179,6.529275735187177,0.2559585073998737,0.13264085398473924,0.0015814096414190366,-0.0004081237034647094
7.843508165876602,29.40507861370478,0.5066323142542146,0.39879603044810763,6.512843466134443,6.512843466134441,0.25394284001441836,0.13093558063581068,0.0018701443279336906,-0.000824685896850216
8.0774022786633,32.70115645423173,0.46687242890957126,0.41910174117729315,6.4908058643638675,6.490805864363869,0.2523058883336089,0.12960853508877368,0.0020872053602376695,-0.001118916914831566
8.31259695520496,35.99870158703239,0.4266941495991182,0.44004058169630816,6.46369740348476,6.463697403484758,0.25224966131748205,0.1285198809938145,0.0022591048208795844,-0.0013105579029364471
8.548432494094365,39.298290187063046,0.3854749725224093,0.46192914584814315,6.432020335721205,6.432020335721207,0.2509500914953289,0.12739865479795065,0.002418934380059597,-0.0014329220101809345
8.78344805662572,42.599389352742534,0.3431813970608106,0.48492373886225043,6.447079795102493,6.447079795102493,0.24867976132425385,0.12647288163662584,0.0025451349180448135,-0.0015131304311402167
8.829650332515916,1.106476958860772,0.93090410331196,0.23007757586863517,6.718439301086769,6.71843930108677,0.2474871505663837,0.15199109604600214,-0.0014401490176168042,0.004185465582664478
9.017113625730797,45.9016803054422,0.2992228902934015,0.5088758953397206,6.465679773613012,6.465679773613012,0.2462011276329239,0.12670885943818344,0.0024870667173990156,-0.0013991654338066665
9.043095832471831,4.433028765237079,0.8683800310906761,0.26140140910747717,6.696968966437182,6.696968966437181,0.25061084893231733,0.15141540963110434,-0.0012466062788999645,0.003749265127153839
9.247381348029153,49.206125766688025,0.25263622383992,0.5340524540588055,6.488551936226568,6.488551936226571,0.24576443177889296,0.12847035181659838,0.0021980069814987345,-0.0010698562052613718
9.257309010223493,7.753982048364235,0.809183759880936,0.2913742406771892,6.659469240649896,6.659469240649898,0.255970621133529,0.15011711910009296,-0.0008887903562126336,0.002951327598139026
9.472090159060839,52.513839789126344,0.20227637568134993,0.5600381574681826,6.512093694896194,6.512093694896192,0.247393041036559,0.13066490667656927,0.001840225091088226,-0.0005998402669820116
9.473868459623898,11.067160446571247,0.7542840559449361,0.31901352588049037,6.617503337630003,6.617503337630003,0.2614834007691801,0.14748831451433464,-0.0004314958070690745,0.0020239535485762935
9.692432597879318,55.82556423219961,0.14812853611415983,0.5868011412469595,6.532044106091092,6.532044106091094,0.2503237464054483,0.13340377456183483,0.001457830069389546,-0.00024314597319675173
9.693327124534902,14.372375232949901,0.7039818045258145,0.34421718988136885,6.5824070565732065,6.582407056573208,0.26562161489095437,0.14414190473340116,6.464967701730438e-05,0.0011606072162085633
9.910074453754854,59.139801233085045,0.09075423993095176,0.6144191104847777,6.540053808409729,6.540053808409729,0.25389368457747885,0.1354689852102149,0.0012104508726380764,-0.00013171732964925567
9.916041915685804,17.671839472723388,0.657808791263685,0.3670003102601407,6.559747227841635,6.559747227841633,0.26641708929881536,0.13967173992578574,0.0006033958251714805,0.0005640174854969732
