shift,z_dist,strain,gap
0.4,6.0,0.99,"(0.6576360120278121, 1.6378474357004051, 0.9802114236725931)"
0.4,6.0,0.9915384615384615,"(0.6364344827096632, 1.6031094167266402, 0.966674934016977)"
0.4,6.0,0.9930769230769231,"(0.6151431622757189, 1.5683047089747832, 0.9531615466990644)"
0.4,6.0,0.9946153846153846,"(0.5954799460535951, 1.5345916412437808, 0.9391116951901857)"
0.4,6.0,0.9961538461538462,"(0.5747353337550407, 1.500068726927277, 0.9253333931722363)"
0.4,6.0,0.9976923076923077,"(0.5547201722569359, 1.466661772179377, 0.9119415999224412)"
0.4,6.0,0.9992307692307693,"(0.5338198885573937, 1.4322326079337866, 0.8984127193763929)"
0.4,6.0,1.0007692307692309,"(0.5158776386402335, 1.4003135197425982, 0.8844358811023647)"
0.4,6.0,1.0023076923076923,"(0.4964272838779933, 1.36686245209886, 0.8704351682208666)"
0.4,6.0,1.0038461538461538,"(0.47585778031915715, 1.3324515507221968, 0.8565937704030396)"
0.4,6.0,1.0053846153846153,"(0.45722146364515204, 1.2999184732078874, 0.8426970095627354)"
0.4,6.0,1.006923076923077,"(0.43739359446461135, 1.2663142242333085, 0.8289206297686972)"
0.4,6.0,1.0084615384615385,"(0.41954716980634266, 1.234173791395702, 0.8146266215893594)"
0.4,6.0,1.01,"(0.40165564857758973, 1.2022807301695484, 0.8006250815919587)"
0.4,6.071428571428571,0.99,"(0.7170714253762601, 1.6209553032971888, 0.9038838779209287)"
0.4,6.071428571428571,0.9915384615384615,"(0.6935049307079219, 1.5852484820076187, 0.8917435512996968)"
0.4,6.071428571428571,0.9930769230769231,"(0.6720532238807, 1.5509736635514848, 0.8789204396707848)"
0.4,6.071428571428571,0.9946153846153846,"(0.6496219980207587, 1.5161196364709892, 0.8664976384502305)"
0.4,6.071428571428571,0.9961538461538462,"(0.6278849779648241, 1.48150174684169, 0.8536167688768659)"
0.4,6.071428571428571,0.9976923076923077,"(0.6084290145655764, 1.4485736476078463, 0.8401446330422699)"
0.4,6.071428571428571,0.9992307692307693,"(0.5856713082302744, 1.4132995959037071, 0.8276282876734328)"
0.4,6.071428571428571,1.0007692307692309,"(0.5658959702176697, 1.380789672782965, 0.8148937025652953)"
0.4,6.071428571428571,1.0023076923076923,"(0.5468600038944735, 1.3480654928135298, 0.8012054889190563)"
0.4,6.071428571428571,1.0038461538461538,"(0.526476392994999, 1.3148709788231245, 0.7883945858281255)"
0.4,6.071428571428571,1.0053846153846153,"(0.5061705353253274, 1.281343872132613, 0.7751733368072855)"
0.4,6.071428571428571,1.006923076923077,"(0.48772183087471976, 1.2494656591140143, 0.7617438282392945)"
0.4,6.071428571428571,1.0084615384615385,"(0.46824142417418557, 1.2167281212273438, 0.7484866970531582)"
0.4,6.071428571428571,1.01,"(0.44953109925771073, 1.1845623839684953, 0.7350312847107846)"
0.4,6.142857142857143,0.99,"(0.7668168843411576, 1.600911295700855, 0.8340944113596975)"
0.4,6.142857142857143,0.9915384615384615,"(0.7441552430727855, 1.56638780989611, 0.8222325668233245)"
0.4,6.142857142857143,0.9930769230769231,"(0.7216726482762773, 1.5320647456686267, 0.8103920973923494)"
0.4,6.142857142857143,0.9946153846153846,"(0.6999181476716658, 1.498204156083837, 0.7982860084121712)"
0.4,6.142857142857143,0.9961538461538462,"(0.6778353583135588, 1.4639205046330477, 0.7860851463194889)"
0.4,6.142857142857143,0.9976923076923077,"(0.6554903272350353, 1.4299522740429296, 0.7744619468078943)"
0.4,6.142857142857143,0.9992307692307693,"(0.6337132199779191, 1.3960725077361495, 0.7623592877582305)"
0.4,6.142857142857143,1.0007692307692309,"(0.6133935022989253, 1.3635360701673895, 0.7501425678684642)"
0.4,6.142857142857143,1.0023076923076923,"(0.5927885960805521, 1.3299369413804847, 0.7371483452999326)"
0.4,6.142857142857143,1.0038461538461538,"(0.5721625510224677, 1.2968591195959436, 0.7246965685734759)"
0.4,6.142857142857143,1.0053846153846153,"(0.5514905141533353, 1.2639051289215406, 0.7124146147682053)"
0.4,6.142857142857143,1.006923076923077,"(0.5295939222428079, 1.229848648079627, 0.700254725836819)"
0.4,6.142857142857143,1.0084615384615385,"(0.51232634783651, 1.199621770819542, 0.687295422983032)"
0.4,6.142857142857143,1.01,"(0.4930069996412091, 1.1675209243231368, 0.6745139246819277)"
0.4,6.214285714285714,0.99,"(0.812661744225207, 1.5829961727888628, 0.7703344285636559)"
0.4,6.214285714285714,0.9915384615384615,"(0.7888887926598851, 1.5479922086710192, 0.7591034160111341)"
0.4,6.214285714285714,0.9930769230769231,"(0.7658194548263286, 1.513601337805702, 0.7477818829793734)"
0.4,6.214285714285714,0.9946153846153846,"(0.7431021216975745, 1.4795975725307402, 0.7364954508331657)"
0.4,6.214285714285714,0.9961538461538462,"(0.7206861056995663, 1.4457448697180084, 0.7250587640184422)"
0.4,6.214285714285714,0.9976923076923077,"(0.6982991066556979, 1.4118371524478437, 0.7135380457921457)"
0.4,6.214285714285714,0.9992307692307693,"(0.6774920154970094, 1.3791444634388026, 0.7016524479417932)"
0.4,6.214285714285714,1.0007692307692309,"(0.6553857473990935, 1.3452979277466703, 0.6899121803475768)"
0.4,6.214285714285714,1.0023076923076923,"(0.634540589364047, 1.3125776149556794, 0.6780370255916324)"
0.4,6.214285714285714,1.0038461538461538,"(0.6119130283275305, 1.278589950726739, 0.6666769223992086)"
0.4,6.214285714285714,1.0053846153846153,"(0.591253490182262, 1.2459263871863526, 0.6546728970040906)"
0.4,6.214285714285714,1.006923076923077,"(0.5711564094815422, 1.2137262491469898, 0.6425698396654476)"
0.4,6.214285714285714,1.0084615384615385,"(0.5507151465879655, 1.1813022670594315, 0.630587120471466)"
0.4,6.214285714285714,1.01,"(0.5285764368606916, 1.1479992773292034, 0.6194228404685118)"
0.4,6.285714285714286,0.99,"(0.8538110318656612, 1.5653772563025314, 0.7115662244368702)"
0.4,6.285714285714286,0.9915384615384615,"(0.830350756784762, 1.5313963822471, 0.701045625462338)"
0.4,6.285714285714286,0.9930769230769231,"(0.80740563561936, 1.4971817464275445, 0.6897761108081846)"
0.4,6.285714285714286,0.9946153846153846,"(0.7833676129679753, 1.462466596870066, 0.6790989839020908)"
0.4,6.285714285714286,0.9961538461538462,"(0.759885338154733, 1.428461264209754, 0.668575926055021)"
0.4,6.285714285714286,0.9976923076923077,"(0.7369299776390086, 1.3946114291870022, 0.6576814515479936)"
0.4,6.285714285714286,0.9992307692307693,"(0.7133599810131473, 1.360257340776422, 0.6468973597632747)"
0.4,6.285714285714286,1.0007692307692309,"(0.6918238107375955, 1.3274287817658046, 0.6356049710282091)"
0.4,6.285714285714286,1.0023076923076923,"(0.6685975459360282, 1.2933357859258672, 0.624738239989839)"
0.4,6.285714285714286,1.0038461538461538,"(0.6483810961556427, 1.2614925638809298, 0.6131114677252871)"
0.4,6.285714285714286,1.0053846153846153,"(0.6273158210264939, 1.2290224908334324, 0.6017066698069385)"
0.4,6.285714285714286,1.006923076923077,"(0.60361151537739, 1.1947584603007202, 0.5911469449233302)"
0.4,6.285714285714286,1.0084615384615385,"(0.5845732132122647, 1.1636317973804027, 0.5790585841681379)"
0.4,6.285714285714286,1.01,"(0.5629300160623038, 1.1306877507477036, 0.5677577346853998)"
0.4,6.357142857142857,0.99,"(0.8903614491637755, 1.5476710166759209, 0.6573095675121454)"
0.4,6.357142857142857,0.9915384615384615,"(0.8655659135176756, 1.5133452615830776, 0.6477793480654019)"
0.4,6.357142857142857,0.9930769230769231,"(0.8414727775521798, 1.4782278068808927, 0.636755029328713)"
0.4,6.357142857142857,0.9946153846153846,"(0.816935856145002, 1.4437937065448803, 0.6268578503998783)"
0.4,6.357142857142857,0.9961538461538462,"(0.793132116308465, 1.409922105113142, 0.6167899888046771)"
0.4,6.357142857142857,0.9976923076923077,"(0.7705481902808029, 1.376895842630596, 0.606347652349793)"
0.4,6.357142857142857,0.9992307692307693,"(0.7462240676700397, 1.3421545590549615, 0.5959304913849218)"
0.4,6.357142857142857,1.0007692307692309,"(0.7231770678168822, 1.3083643713549598, 0.5851873035380776)"
0.4,6.357142857142857,1.0023076923076923,"(0.7016534759133791, 1.2764588600901703, 0.5748053841767912)"
0.4,6.357142857142857,1.0038461538461538,"(0.6787757777693805, 1.2428135479731082, 0.5640377702037277)"
0.4,6.357142857142857,1.0053846153846153,"(0.657221909341964, 1.2104629134598146, 0.5532410041178506)"
0.4,6.357142857142857,1.006923076923077,"(0.6373751782049841, 1.1792780680646906, 0.5419028898597065)"
0.4,6.357142857142857,1.0084615384615385,"(0.6135421838514528, 1.1457266325441082, 0.5321844486926555)"
0.4,6.357142857142857,1.01,"(0.5921777260564346, 1.113669897780851, 0.5214921717244164)"
0.4,6.428571428571429,0.99,"(0.9214729959524012, 1.5293091338868967, 0.6078361379344955)"
0.4,6.428571428571429,0.9915384615384615,"(0.8962661939725879, 1.4948543499199785, 0.5985881559473906)"
0.4,6.428571428571429,0.9930769230769231,"(0.8710780395755555, 1.4600951610777473, 0.5890171215021918)"
0.4,6.428571428571429,0.9946153846153846,"(0.8457423217007496, 1.4253584052713804, 0.5796160835706308)"
0.4,6.428571428571429,0.9961538461538462,"(0.8231408289025239, 1.392673902157721, 0.5695330732551971)"
0.4,6.428571428571429,0.9976923076923077,"(0.798036260003767, 1.3578608337537976, 0.5598245737500306)"
0.4,6.428571428571429,0.9992307692307693,"(0.7752904508096407, 1.3249646318196744, 0.5496741810100337)"
0.4,6.428571428571429,1.0007692307692309,"(0.7525391045389623, 1.2917322023519087, 0.5391930978129463)"
0.4,6.428571428571429,1.0023076923076923,"(0.7296203903813048, 1.2585478038063416, 0.5289274134250368)"
0.4,6.428571428571429,1.0038461538461538,"(0.7070802514672748, 1.226094221849707, 0.5190139703824322)"
0.4,6.428571428571429,1.0053846153846153,"(0.6840079203431843, 1.192750885425185, 0.5087429650820007)"
0.4,6.428571428571429,1.006923076923077,"(0.6621709279756813, 1.1605085139997882, 0.4983375860241068)"
0.4,6.428571428571429,1.0084615384615385,"(0.6392989607384812, 1.1276552633758468, 0.4883563026373655)"
0.4,6.428571428571429,1.01,"(0.6170499158907939, 1.0952127376582934, 0.47816282176749947)"
0.4,6.5,0.99,"(0.9478911718398892, 1.510936916807502, 0.5630457449676127)"
0.4,6.5,0.9915384615384615,"(0.9232259353047303, 1.4770664074946693, 0.553840472189939)"
0.4,6.5,0.9930769230769231,"(0.8981731778675462, 1.44296988878315, 0.5447967109156037)"
0.4,6.5,0.9946153846153846,"(0.8756736648647835, 1.4102924666726684, 0.5346188018078849)"
0.4,6.5,0.9961538461538462,"(0.8492494116096426, 1.3751686599059132, 0.5259192482962706)"
0.4,6.5,0.9976923076923077,"(0.824753205314546, 1.3410254502935819, 0.5162722449790359)"
0.4,6.5,0.9992307692307693,"(0.8012657096421959, 1.3084373186874516, 0.5071716090452557)"
0.4,6.5,1.0007692307692309,"(0.776047228713185, 1.2736963241892443, 0.49764909547605923)"
0.4,6.5,1.0023076923076923,"(0.7542055107405465, 1.2414157203557632, 0.4872102096152166)"
0.4,6.5,1.0038461538461538,"(0.729912226458526, 1.2078659401415999, 0.4779537136830739)"
0.4,6.5,1.0053846153846153,"(0.7069430880116663, 1.1751986026658934, 0.4682555146542271)"
0.4,6.5,1.006923076923077,"(0.6851737548962914, 1.1433132925735794, 0.458139537677288)"
0.4,6.5,1.0084615384615385,"(0.662021699499505, 1.1103598998250492, 0.4483382003255442)"
0.4,6.5,1.01,"(0.6403771056779475, 1.0788093258428224, 0.43843222016487493)"
0.4,6.571428571428571,0.99,"(0.9746186550745374, 1.4951254703560868, 0.5205068152815494)"
0.4,6.571428571428571,0.9915384615384615,"(0.9473827646778118, 1.4602381569688614, 0.5128553922910496)"
0.4,6.571428571428571,0.9930769230769231,"(0.9233859938397351, 1.4270034558962545, 0.5036174620565195)"
0.4,6.571428571428571,0.9946153846153846,"(0.8968070823714851, 1.391917145973158, 0.4951100636016729)"
0.4,6.571428571428571,0.9961538461538462,"(0.8717639482529672, 1.358234168200299, 0.48647021994733175)"
0.4,6.571428571428571,0.9976923076923077,"(0.8463007533970687, 1.323540586150926, 0.4772398327538573)"
0.4,6.571428571428571,0.9992307692307693,"(0.8237907618551044, 1.2911282310657968, 0.4673374692106924)"
0.4,6.571428571428571,1.0007692307692309,"(0.7980432983702674, 1.256628822050904, 0.45858552368063665)"
0.4,6.571428571428571,1.0023076923076923,"(0.7746432615662066, 1.2239221911175953, 0.4492789295513887)"
0.4,6.571428571428571,1.0038461538461538,"(0.7511472642114687, 1.1911005022340815, 0.4399532380226127)"
0.4,6.571428571428571,1.0053846153846153,"(0.7279423426984254, 1.1584128097468158, 0.4304704670483904)"
0.4,6.571428571428571,1.006923076923077,"(0.7047993602555604, 1.1258716913174938, 0.4210723310619333)"
0.4,6.571428571428571,1.0084615384615385,"(0.6826190685120177, 1.093981883734626, 0.4113628152226083)"
0.4,6.571428571428571,1.01,"(0.6601491391348905, 1.0619338800064677, 0.40178474087157723)"
0.4,6.642857142857142,0.99,"(0.9755503350481706, 1.4775401462775328, 0.5019898112293623)"
0.4,6.642857142857142,0.9915384615384615,"(0.9608682595406144, 1.4430895149100662, 0.4822212553694519)"
0.4,6.642857142857142,0.9930769230769231,"(0.9423619652640125, 1.4088676586725786, 0.4665056934085661)"
0.4,6.642857142857142,0.9946153846153846,"(0.9174210325673062, 1.3748323360361145, 0.4574113034688084)"
0.4,6.642857142857142,0.9961538461538462,"(0.8916655764639393, 1.340828784587096, 0.4491632081231568)"
0.4,6.642857142857142,0.9976923076923077,"(0.8656110768212395, 1.306636934223438, 0.4410258574021985)"
0.4,6.642857142857142,0.9992307692307693,"(0.8421019450255642, 1.27372680833315, 0.43162486330758587)"
0.4,6.642857142857142,1.0007692307692309,"(0.8187000363292718, 1.241066408261874, 0.4223663719326023)"
0.4,6.642857142857142,1.0023076923076923,"(0.794010527701343, 1.207725336330923, 0.41371480862958016)"
0.4,6.642857142857142,1.0038461538461538,"(0.7692869542179924, 1.1741664985940488, 0.40487954437605633)"
0.4,6.642857142857142,1.0053846153846153,"(0.74583883991863, 1.1417568655578885, 0.39591802563925854)"
0.4,6.642857142857142,1.006923076923077,"(0.7225007395350662, 1.1095157079987232, 0.387014968463657)"
0.4,6.642857142857142,1.0084615384615385,"(0.6970344280245979, 1.075418723662033, 0.378384295637435)"
0.4,6.642857142857142,1.01,"(0.6715139363991748, 1.041809313293391, 0.3702953768942162)"
0.4,6.714285714285714,0.99,"(0.9686955652790212, 1.4600771531011167, 0.49138158782209557)"
0.4,6.714285714285714,0.9915384615384615,"(0.9545257506902961, 1.426208096137682, 0.47168234544738585)"
0.4,6.714285714285714,0.9930769230769231,"(0.938383122200543, 1.3916698056196595, 0.45328668341911643)"
0.4,6.714285714285714,0.9946153846153846,"(0.9233992500972481, 1.3576735976752787, 0.4342743475780307)"
0.4,6.714285714285714,0.9961538461538462,"(0.9072090022981469, 1.3230096461175436, 0.4158006438193967)"
0.4,6.714285714285714,0.9976923076923077,"(0.881533728720266, 1.289077243750819, 0.4075435150305529)"
0.4,6.714285714285714,0.9992307692307693,"(0.8571026574437937, 1.256086235625381, 0.3989835781815873)"
0.4,6.714285714285714,1.0007692307692309,"(0.8324496522014655, 1.2230435755580022, 0.3905939233565368)"
0.4,6.714285714285714,1.0023076923076923,"(0.8081361491085766, 1.1897992911050104, 0.38166314199643386)"
0.4,6.714285714285714,1.0038461538461538,"(0.7831394610245348, 1.1564795708816535, 0.3733401098571187)"
0.4,6.714285714285714,1.0053846153846153,"(0.759482434264857, 1.1241508531866866, 0.36466841892182966)"
0.4,6.714285714285714,1.006923076923077,"(0.7371374259161302, 1.0927168156634153, 0.3555793897472851)"
0.4,6.714285714285714,1.0084615384615385,"(0.7136835586354586, 1.0604862961859007, 0.3468027375504421)"
0.4,6.714285714285714,1.01,"(0.6869081429652739, 1.0261490922315253, 0.3392409492662513)"
0.4,6.785714285714286,0.99,"(0.9643009399134533, 1.4440904175574583, 0.4797894776440049)"
0.4,6.785714285714286,0.9915384615384615,"(0.9476886263258062, 1.4091592809933704, 0.46147065466756426)"
0.4,6.785714285714286,0.9930769230769231,"(0.9316684093179485, 1.374458367246473, 0.4427899579285245)"
0.4,6.785714285714286,0.9946153846153846,"(0.918211584964127, 1.3417844820595346, 0.4235728970954075)"
0.4,6.785714285714286,0.9961538461538462,"(0.9019258933450862, 1.3070571707672465, 0.40513127742216026)"
0.4,6.785714285714286,0.9976923076923077,"(0.8870765377218287, 1.2732469816383256, 0.3861704439164969)"
0.4,6.785714285714286,0.9992307692307693,"(0.8737930664825637, 1.2411609411137376, 0.367367874631174)"
0.4,6.785714285714286,1.0007692307692309,"(0.84727267183235, 1.20714359928926, 0.35987092745691)"
0.4,6.785714285714286,1.0023076923076923,"(0.8210068214273596, 1.1729806720864546, 0.35197385065909503)"
0.4,6.785714285714286,1.0038461538461538,"(0.7985106805037092, 1.1417449944563, 0.3432343139525909)"
0.4,6.785714285714286,1.0053846153846153,"(0.773536426023531, 1.108552977359541, 0.33501655133601005)"
0.4,6.785714285714286,1.006923076923077,"(0.7497542655000891, 1.0763240138143881, 0.3265697483142991)"
0.4,6.785714285714286,1.0084615384615385,"(0.7247825351585251, 1.0430747698723635, 0.31829223471383844)"
0.4,6.785714285714286,1.01,"(0.7027509796072018, 1.0117891836512054, 0.3090382040440036)"
0.4,6.857142857142857,0.99,"(0.9569800069610244, 1.4265830796966021, 0.46960307273557783)"
0.4,6.857142857142857,0.9915384615384615,"(0.9417716623837662, 1.3924383764876014, 0.4506667141038352)"
0.4,6.857142857142857,0.9930769230769231,"(0.9260316077815457, 1.3582493125432116, 0.4322177047616659)"
0.4,6.857142857142857,0.9946153846153846,"(0.9112398610799167, 1.3244762554626148, 0.4132363943826981)"
0.4,6.857142857142857,0.9961538461538462,"(0.8960407500719694, 1.2904974706875432, 0.3944567206155738)"
0.4,6.857142857142857,0.9976923076923077,"(0.882037501925124, 1.257362758600967, 0.37532525667584304)"
0.4,6.857142857142857,0.9992307692307693,"(0.8661993634637881, 1.223374023621728, 0.35717466015794)"
0.4,6.857142857142857,1.0007692307692309,"(0.8522272399810435, 1.190485368827312, 0.3382581288462685)"
0.4,6.857142857142857,1.0023076923076923,"(0.8336927638755398, 1.1578462108896108, 0.32415344701407106)"
0.4,6.857142857142857,1.0038461538461538,"(0.808402425989182, 1.124382560003357, 0.31598013401417496)"
0.4,6.857142857142857,1.0053846153846153,"(0.7832429309213883, 1.0913051192386969, 0.3080621883173086)"
0.4,6.857142857142857,1.006923076923077,"(0.7592303152251091, 1.0590618939834708, 0.29983157875836175)"
0.4,6.857142857142857,1.0084615384615385,"(0.7356154023603183, 1.0270622351452792, 0.2914468327849608)"
0.4,6.857142857142857,1.01,"(0.7118400394858823, 0.9949659952007058, 0.2831259557148236)"
0.4,6.928571428571429,0.99,"(0.9519585169844478, 1.4107266593220216, 0.45876814233757374)"
0.4,6.928571428571429,0.9915384615384615,"(0.9367005827264204, 1.3765722407740084, 0.439871658047588)"
0.4,6.928571428571429,0.9930769230769231,"(0.9201762850215236, 1.3418189908128217, 0.4216427057912981)"
0.4,6.928571428571429,0.9946153846153846,"(0.9078358457089106, 1.3097398005632523, 0.4019039548543417)"
0.4,6.928571428571429,0.9961538461538462,"(0.890814285741913, 1.27457544186864, 0.38376115612672684)"
0.4,6.928571428571429,0.9976923076923077,"(0.8755387758031825, 1.240892027176388, 0.36535325137320546)"
0.4,6.928571428571429,0.9992307692307693,"(0.8610066884907788, 1.20741124846296, 0.34640455997218117)"
0.4,6.928571428571429,1.0007692307692309,"(0.847217819298903, 1.1746916536643888, 0.32747383436548566)"
0.4,6.928571428571429,1.0023076923076923,"(0.8327256441137709, 1.1416387816169835, 0.30891313750321253)"
0.4,6.928571428571429,1.0038461538461538,"(0.817948221373408, 1.1084373749833123, 0.2904891536099043)"
0.4,6.928571428571429,1.0053846153846153,"(0.7935761354428352, 1.076160629809448, 0.28258449436661276)"
0.4,6.928571428571429,1.006923076923077,"(0.7691069173957134, 1.043657122251342, 0.27455020485562864)"
0.4,6.928571428571429,1.0084615384615385,"(0.7450544784372932, 1.0116435231277352, 0.26658904469044203)"
0.4,6.928571428571429,1.01,"(0.7205687833209793, 0.9790520832881119, 0.2584832999671326)"
0.4,7.0,0.99,"(0.9457258545300928, 1.394727491613167, 0.44900163708307406)"
0.4,7.0,0.9915384615384615,"(0.9303918948475086, 1.3598207016850976, 0.429428806837589)"
0.4,7.0,0.9930769230769231,"(0.9139519565284449, 1.3253756062474986, 0.4114236497190537)"
0.4,7.0,0.9946153846153846,"(0.9003472624230913, 1.292219292649665, 0.39187203022657374)"
0.4,7.0,0.9961538461538462,"(0.8844070609741248, 1.257955039375134, 0.3735479784010092)"
0.4,7.0,0.9976923076923077,"(0.8698177163797689, 1.2244008818961778, 0.35458316551640895)"
0.4,7.0,0.9992307692307693,"(0.8539561917641343, 1.1906422470198117, 0.33668605525567735)"
0.4,7.0,1.0007692307692309,"(0.8414143413451158, 1.1584537079216883, 0.31703936657657245)"
0.4,7.0,1.0023076923076923,"(0.8271865948819449, 1.1257016406434177, 0.2985150457614728)"
0.4,7.0,1.0038461538461538,"(0.8124721002768669, 1.092529375718867, 0.2800572754420001)"
0.4,7.0,1.0053846153846153,"(0.798465397543991, 1.0599252821044551, 0.26145988456046415)"
0.4,7.0,1.006923076923077,"(0.7763137083877248, 1.027617634708038, 0.25130392632031306)"
0.4,7.0,1.0084615384615385,"(0.7515643171420674, 0.995190558468972, 0.24362624132690455)"
0.4,7.0,1.01,"(0.727388681489842, 0.9631321365646186, 0.2357434550747765)"
