distance,shift,gap
6.250000000000000000e+00,0.000000000000000000e+00,6.271088190901209503e-01
6.289473684210526550e+00,0.000000000000000000e+00,6.558663533278551450e-01
6.328947368421052211e+00,0.000000000000000000e+00,6.828827702440664060e-01
6.368421052631578760e+00,0.000000000000000000e+00,7.081051004912177760e-01
6.407894736842105310e+00,0.000000000000000000e+00,7.301902812950397115e-01
6.447368421052631859e+00,0.000000000000000000e+00,7.496944377663007364e-01
6.486842105263157521e+00,0.000000000000000000e+00,7.691754255181817435e-01
6.526315789473684070e+00,0.000000000000000000e+00,7.862502938972395494e-01
6.565789473684210620e+00,0.000000000000000000e+00,8.030869611691894283e-01
6.605263157894737169e+00,0.000000000000000000e+00,8.177239348297706822e-01
6.644736842105262831e+00,0.000000000000000000e+00,8.305672372740584564e-01
6.684210526315789380e+00,0.000000000000000000e+00,8.437891270632356111e-01
6.723684210526315930e+00,0.000000000000000000e+00,8.545457826239055699e-01
6.763157894736842479e+00,0.000000000000000000e+00,8.644004436656443913e-01
6.802631578947368141e+00,0.000000000000000000e+00,8.747737136441636752e-01
6.842105263157894690e+00,0.000000000000000000e+00,8.817483145105917686e-01
6.881578947368421240e+00,0.000000000000000000e+00,8.909284426173991189e-01
6.921052631578946901e+00,0.000000000000000000e+00,8.938440430351375365e-01
6.960526315789473450e+00,0.000000000000000000e+00,8.890508835535995136e-01
7.000000000000000000e+00,0.000000000000000000e+00,8.851870837612534348e-01
6.250000000000000000e+00,5.263157894736841813e-02,6.309853268407581428e-01
6.289473684210526550e+00,5.263157894736841813e-02,6.596463458703846205e-01
6.328947368421052211e+00,5.263157894736841813e-02,6.852464440928648370e-01
6.368421052631578760e+00,5.263157894736841813e-02,7.103461994944668678e-01
6.407894736842105310e+00,5.263157894736841813e-02,7.329327979582308528e-01
6.447368421052631859e+00,5.263157894736841813e-02,7.517234678083950516e-01
6.486842105263157521e+00,5.263157894736841813e-02,7.710986864514396411e-01
6.526315789473684070e+00,5.263157894736841813e-02,7.880138235575855354e-01
6.565789473684210620e+00,5.263157894736841813e-02,8.042830907453005773e-01
6.605263157894737169e+00,5.263157894736841813e-02,8.194613569006509168e-01
6.644736842105262831e+00,5.263157894736841813e-02,8.320062143626233420e-01
6.684210526315789380e+00,5.263157894736841813e-02,8.447230968693855147e-01
6.723684210526315930e+00,5.263157894736841813e-02,8.554420281192816056e-01
6.763157894736842479e+00,5.263157894736841813e-02,8.652031584782606810e-01
6.802631578947368141e+00,5.263157894736841813e-02,8.755088586881925039e-01
6.842105263157894690e+00,5.263157894736841813e-02,8.823350587666556333e-01
6.881578947368421240e+00,5.263157894736841813e-02,8.914885670642539450e-01
6.921052631578946901e+00,5.263157894736841813e-02,8.938315136169305841e-01
6.960526315789473450e+00,5.263157894736841813e-02,8.891045006144230323e-01
7.000000000000000000e+00,5.263157894736841813e-02,8.851870835193536013e-01
6.250000000000000000e+00,1.052631578947368363e-01,6.403488965136647781e-01
6.289473684210526550e+00,1.052631578947368363e-01,6.691005282588419201e-01
6.328947368421052211e+00,1.052631578947368363e-01,6.949759994041242450e-01
6.368421052631578760e+00,1.052631578947368363e-01,7.170139940871189665e-01
6.407894736842105310e+00,1.052631578947368363e-01,7.391188639974503038e-01
6.447368421052631859e+00,1.052631578947368363e-01,7.590378953269777407e-01
6.486842105263157521e+00,1.052631578947368363e-01,7.759523172320118567e-01
6.526315789473684070e+00,1.052631578947368363e-01,7.930965422492296524e-01
6.565789473684210620e+00,1.052631578947368363e-01,8.084257997610582169e-01
6.605263157894737169e+00,1.052631578947368363e-01,8.226689787382986951e-01
6.644736842105262831e+00,1.052631578947368363e-01,8.354790553999025260e-01
6.684210526315789380e+00,1.052631578947368363e-01,8.472697707335291595e-01
6.723684210526315930e+00,1.052631578947368363e-01,8.579768163013139493e-01
6.763157894736842479e+00,1.052631578947368363e-01,8.674919071736844067e-01
6.802631578947368141e+00,1.052631578947368363e-01,8.776157231280126148e-01
6.842105263157894690e+00,1.052631578947368363e-01,8.840846933169542732e-01
6.881578947368421240e+00,1.052631578947368363e-01,8.930963174226671519e-01
6.921052631578946901e+00,1.052631578947368363e-01,8.938159246604198138e-01
6.960526315789473450e+00,1.052631578947368363e-01,8.892648127728282059e-01
7.000000000000000000e+00,1.052631578947368363e-01,8.851952321770656384e-01
6.250000000000000000e+00,1.578947368421052544e-01,6.562271914929083128e-01
6.289473684210526550e+00,1.578947368421052544e-01,6.826368544588554688e-01
6.328947368421052211e+00,1.578947368421052544e-01,7.058070973297544404e-01
6.368421052631578760e+00,1.578947368421052544e-01,7.288701460690805156e-01
6.407894736842105310e+00,1.578947368421052544e-01,7.475777996841886930e-01
6.447368421052631859e+00,1.578947368421052544e-01,7.663086170747734904e-01
6.486842105263157521e+00,1.578947368421052544e-01,7.835305246193955409e-01
6.526315789473684070e+00,1.578947368421052544e-01,8.004678377452603133e-01
6.565789473684210620e+00,1.578947368421052544e-01,8.142702457623038903e-01
6.605263157894737169e+00,1.578947368421052544e-01,8.283251779184594987e-01
6.644736842105262831e+00,1.578947368421052544e-01,8.402497882884848446e-01
6.684210526315789380e+00,1.578947368421052544e-01,8.513301146283276388e-01
6.723684210526315930e+00,1.578947368421052544e-01,8.617742988165870699e-01
6.763157894736842479e+00,1.578947368421052544e-01,8.709353226002944925e-01
6.802631578947368141e+00,1.578947368421052544e-01,8.807524513047506609e-01
6.842105263157894690e+00,1.578947368421052544e-01,8.871450563300078418e-01
6.881578947368421240e+00,1.578947368421052544e-01,8.955287174597044153e-01
6.921052631578946901e+00,1.578947368421052544e-01,8.937789552991326492e-01
6.960526315789473450e+00,1.578947368421052544e-01,8.894180805940166135e-01
7.000000000000000000e+00,1.578947368421052544e-01,8.851147180320337871e-01
6.250000000000000000e+00,2.105263157894736725e-01,6.732435266468679291e-01
6.289473684210526550e+00,2.105263157894736725e-01,6.984827491925431620e-01
6.328947368421052211e+00,2.105263157894736725e-01,7.211665973490947179e-01
6.368421052631578760e+00,2.105263157894736725e-01,7.402289176352567779e-01
6.407894736842105310e+00,2.105263157894736725e-01,7.600072814560365764e-01
6.447368421052631859e+00,2.105263157894736725e-01,7.768113166081662690e-01
6.486842105263157521e+00,2.105263157894736725e-01,7.931694660897878890e-01
6.526315789473684070e+00,2.105263157894736725e-01,8.080112964385900431e-01
6.565789473684210620e+00,2.105263157894736725e-01,8.233360970346866869e-01
6.605263157894737169e+00,2.105263157894736725e-01,8.343054987082834106e-01
6.644736842105262831e+00,2.105263157894736725e-01,8.456121074019055106e-01
6.684210526315789380e+00,2.105263157894736725e-01,8.561340451059376022e-01
6.723684210526315930e+00,2.105263157894736725e-01,8.663593800360636088e-01
6.763157894736842479e+00,2.105263157894736725e-01,8.751763804570840133e-01
6.802631578947368141e+00,2.105263157894736725e-01,8.841070466053171373e-01
6.842105263157894690e+00,2.105263157894736725e-01,8.912861544705074079e-01
6.881578947368421240e+00,2.105263157894736725e-01,8.974397715284190280e-01
6.921052631578946901e+00,2.105263157894736725e-01,8.936735102790304142e-01
6.960526315789473450e+00,2.105263157894736725e-01,8.894381119619595433e-01
7.000000000000000000e+00,2.105263157894736725e-01,8.851105544327340091e-01
6.250000000000000000e+00,2.631578947368420907e-01,6.918922170848658126e-01
6.289473684210526550e+00,2.631578947368420907e-01,7.137515527751652211e-01
6.328947368421052211e+00,2.631578947368420907e-01,7.339646547742038063e-01
6.368421052631578760e+00,2.631578947368420907e-01,7.546862601676044280e-01
6.407894736842105310e+00,2.631578947368420907e-01,7.702951826499333521e-01
6.447368421052631859e+00,2.631578947368420907e-01,7.866715116088509596e-01
6.486842105263157521e+00,2.631578947368420907e-01,8.022997928271881074e-01
6.526315789473684070e+00,2.631578947368420907e-01,8.164011438205754922e-01
6.565789473684210620e+00,2.631578947368420907e-01,8.298747381401301304e-01
6.605263157894737169e+00,2.631578947368420907e-01,8.410871930223080550e-01
6.644736842105262831e+00,2.631578947368420907e-01,8.527848266878284011e-01
6.684210526315789380e+00,2.631578947368420907e-01,8.624385461903418815e-01
6.723684210526315930e+00,2.631578947368420907e-01,8.713308077062658086e-01
6.763157894736842479e+00,2.631578947368420907e-01,8.796768034060067354e-01
6.802631578947368141e+00,2.631578947368420907e-01,8.876270821216317719e-01
6.842105263157894690e+00,2.631578947368420907e-01,8.949806548086483016e-01
6.881578947368421240e+00,2.631578947368420907e-01,8.970296304217018069e-01
6.921052631578946901e+00,2.631578947368420907e-01,8.934806226608471569e-01
6.960526315789473450e+00,2.631578947368420907e-01,8.893117761685032097e-01
7.000000000000000000e+00,2.631578947368420907e-01,8.850477431483756430e-01
6.250000000000000000e+00,3.157894736842105088e-01,7.063710830242525551e-01
6.289473684210526550e+00,3.157894736842105088e-01,7.295528007535869719e-01
6.328947368421052211e+00,3.157894736842105088e-01,7.480465334535110200e-01
6.368421052631578760e+00,3.157894736842105088e-01,7.639767447874987738e-01
6.407894736842105310e+00,3.157894736842105088e-01,7.808171678844076924e-01
6.447368421052631859e+00,3.157894736842105088e-01,7.967104598424660233e-01
6.486842105263157521e+00,3.157894736842105088e-01,8.106539488726118847e-01
6.526315789473684070e+00,3.157894736842105088e-01,8.243074460566984785e-01
6.565789473684210620e+00,3.157894736842105088e-01,8.359791139411769656e-01
6.605263157894737169e+00,3.157894736842105088e-01,8.474955989294896685e-01
6.644736842105262831e+00,3.157894736842105088e-01,8.580303901812921241e-01
6.684210526315789380e+00,3.157894736842105088e-01,8.673061059142463947e-01
6.723684210526315930e+00,3.157894736842105088e-01,8.755562470950121190e-01
6.763157894736842479e+00,3.157894736842105088e-01,8.837891768664642989e-01
6.802631578947368141e+00,3.157894736842105088e-01,8.909303831166439647e-01
6.842105263157894690e+00,3.157894736842105088e-01,8.982470211615665168e-01
6.881578947368421240e+00,3.157894736842105088e-01,8.965763611803927446e-01
6.921052631578946901e+00,3.157894736842105088e-01,8.931930090919603105e-01
6.960526315789473450e+00,3.157894736842105088e-01,8.890434385245391535e-01
7.000000000000000000e+00,3.157894736842105088e-01,8.849132384076012769e-01
6.250000000000000000e+00,3.684210526315789269e-01,7.202024438212590862e-01
6.289473684210526550e+00,3.684210526315789269e-01,7.401110157799706268e-01
6.328947368421052211e+00,3.684210526315789269e-01,7.564716008545743220e-01
6.368421052631578760e+00,3.684210526315789269e-01,7.741126150517619875e-01
6.407894736842105310e+00,3.684210526315789269e-01,7.896310903188181740e-01
6.447368421052631859e+00,3.684210526315789269e-01,8.041489463746374078e-01
6.486842105263157521e+00,3.684210526315789269e-01,8.186610204526455492e-01
6.526315789473684070e+00,3.684210526315789269e-01,8.308063429336081107e-01
6.565789473684210620e+00,3.684210526315789269e-01,8.410912102887013742e-01
6.605263157894737169e+00,3.684210526315789269e-01,8.524421792787773011e-01
6.644736842105262831e+00,3.684210526315789269e-01,8.621333637115181636e-01
6.684210526315789380e+00,3.684210526315789269e-01,8.712394688744086180e-01
6.723684210526315930e+00,3.684210526315789269e-01,8.791085178384132615e-01
6.763157894736842479e+00,3.684210526315789269e-01,8.871255852354570370e-01
6.802631578947368141e+00,3.684210526315789269e-01,8.936969178281133352e-01
6.842105263157894690e+00,3.684210526315789269e-01,9.002296336356748752e-01
6.881578947368421240e+00,3.684210526315789269e-01,8.961680267540310663e-01
6.921052631578946901e+00,3.684210526315789269e-01,8.928692604864105764e-01
6.960526315789473450e+00,3.684210526315789269e-01,8.887079262896572240e-01
7.000000000000000000e+00,3.684210526315789269e-01,8.847470698866408689e-01
6.250000000000000000e+00,4.210526315789473450e-01,7.279325802468435969e-01
6.289473684210526550e+00,4.210526315789473450e-01,7.465354314647109080e-01
6.328947368421052211e+00,4.210526315789473450e-01,7.642948720358160308e-01
6.368421052631578760e+00,4.210526315789473450e-01,7.800381625025206711e-01
6.407894736842105310e+00,4.210526315789473450e-01,7.952106601141093467e-01
6.447368421052631859e+00,4.210526315789473450e-01,8.095231575157465498e-01
6.486842105263157521e+00,4.210526315789473450e-01,8.217077936447458875e-01
6.526315789473684070e+00,4.210526315789473450e-01,8.340615725923911095e-01
6.565789473684210620e+00,4.210526315789473450e-01,8.452577051061358482e-01
6.605263157894737169e+00,4.210526315789473450e-01,8.551961212755598840e-01
6.644736842105262831e+00,4.210526315789473450e-01,8.649688700140647502e-01
6.684210526315789380e+00,4.210526315789473450e-01,8.739734606521076810e-01
6.723684210526315930e+00,4.210526315789473450e-01,8.813315359937642368e-01
6.763157894736842479e+00,4.210526315789473450e-01,8.894294900713679564e-01
6.802631578947368141e+00,4.210526315789473450e-01,8.956925674143805249e-01
6.842105263157894690e+00,4.210526315789473450e-01,8.997090200795702097e-01
6.881578947368421240e+00,4.210526315789473450e-01,8.958598595195987890e-01
6.921052631578946901e+00,4.210526315789473450e-01,8.925921650610157965e-01
6.960526315789473450e+00,4.210526315789473450e-01,8.884101162259402384e-01
7.000000000000000000e+00,4.210526315789473450e-01,8.846029801001720205e-01
6.250000000000000000e+00,4.736842105263157632e-01,7.336496527397703415e-01
6.289473684210526550e+00,4.736842105263157632e-01,7.508140083990032521e-01
6.328947368421052211e+00,4.736842105263157632e-01,7.677390629921712062e-01
6.368421052631578760e+00,4.736842105263157632e-01,7.836528574923821155e-01
6.407894736842105310e+00,4.736842105263157632e-01,7.983068956389447468e-01
6.447368421052631859e+00,4.736842105263157632e-01,8.125766324040590849e-01
6.486842105263157521e+00,4.736842105263157632e-01,8.242257910262231757e-01
6.526315789473684070e+00,4.736842105263157632e-01,8.361465074182761192e-01
6.565789473684210620e+00,4.736842105263157632e-01,8.469272758269439372e-01
6.605263157894737169e+00,4.736842105263157632e-01,8.566299846041844912e-01
6.644736842105262831e+00,4.736842105263157632e-01,8.664354887474920996e-01
6.684210526315789380e+00,4.736842105263157632e-01,8.753928810104245617e-01
6.723684210526315930e+00,4.736842105263157632e-01,8.825856163283769540e-01
6.763157894736842479e+00,4.736842105263157632e-01,8.906300610296491449e-01
6.802631578947368141e+00,4.736842105263157632e-01,8.966888428327481897e-01
6.842105263157894690e+00,4.736842105263157632e-01,8.994201293848369527e-01
6.881578947368421240e+00,4.736842105263157632e-01,8.956805975820456567e-01
6.921052631578946901e+00,4.736842105263157632e-01,8.924300824008070121e-01
6.960526315789473450e+00,4.736842105263157632e-01,8.882442827151262321e-01
7.000000000000000000e+00,4.736842105263157632e-01,8.845140883632887085e-01
6.250000000000000000e+00,5.263157894736841813e-01,7.336496484835824949e-01
6.289473684210526550e+00,5.263157894736841813e-01,7.508140120893065372e-01
6.328947368421052211e+00,5.263157894736841813e-01,7.677390771820516990e-01
6.368421052631578760e+00,5.263157894736841813e-01,7.836528585375902578e-01
6.407894736842105310e+00,5.263157894736841813e-01,7.983068917220547123e-01
6.447368421052631859e+00,5.263157894736841813e-01,8.125766282636285309e-01
6.486842105263157521e+00,5.263157894736841813e-01,8.242257567499591264e-01
6.526315789473684070e+00,5.263157894736841813e-01,8.361465089859191346e-01
6.565789473684210620e+00,5.263157894736841813e-01,8.469273181225942526e-01
6.605263157894737169e+00,5.263157894736841813e-01,8.566299786019009321e-01
6.644736842105262831e+00,5.263157894736841813e-01,8.664354907561815367e-01
6.684210526315789380e+00,5.263157894736841813e-01,8.753928826563948107e-01
6.723684210526315930e+00,5.263157894736841813e-01,8.825856161504277431e-01
6.763157894736842479e+00,5.263157894736841813e-01,8.906300626542947851e-01
6.802631578947368141e+00,5.263157894736841813e-01,8.966888410464743941e-01
6.842105263157894690e+00,5.263157894736841813e-01,8.994201292970738226e-01
6.881578947368421240e+00,5.263157894736841813e-01,8.956805940658375542e-01
6.921052631578946901e+00,5.263157894736841813e-01,8.924300808200358315e-01
6.960526315789473450e+00,5.263157894736841813e-01,8.882442819646472199e-01
7.000000000000000000e+00,5.263157894736841813e-01,8.845140871747693145e-01
6.250000000000000000e+00,5.789473684210526550e-01,7.279325591813584628e-01
6.289473684210526550e+00,5.789473684210526550e-01,7.465354445515370863e-01
6.328947368421052211e+00,5.789473684210526550e-01,7.642948791979874423e-01
6.368421052631578760e+00,5.789473684210526550e-01,7.800381636731211765e-01
6.407894736842105310e+00,5.789473684210526550e-01,7.952106714299224111e-01
6.447368421052631859e+00,5.789473684210526550e-01,8.095231582709492280e-01
6.486842105263157521e+00,5.789473684210526550e-01,8.217077640744991918e-01
6.526315789473684070e+00,5.789473684210526550e-01,8.340615794114971671e-01
6.565789473684210620e+00,5.789473684210526550e-01,8.452577107004763945e-01
6.605263157894737169e+00,5.789473684210526550e-01,8.551960936070939212e-01
6.644736842105262831e+00,5.789473684210526550e-01,8.649688760919576058e-01
6.684210526315789380e+00,5.789473684210526550e-01,8.739734653593647096e-01
6.723684210526315930e+00,5.789473684210526550e-01,8.813315356653317334e-01
6.763157894736842479e+00,5.789473684210526550e-01,8.894294946239855726e-01
6.802631578947368141e+00,5.789473684210526550e-01,8.956925625192830864e-01
6.842105263157894690e+00,5.789473684210526550e-01,8.997090194846000255e-01
6.881578947368421240e+00,5.789473684210526550e-01,8.958598500317409563e-01
6.921052631578946901e+00,5.789473684210526550e-01,8.925921604717579338e-01
6.960526315789473450e+00,5.789473684210526550e-01,8.884101141398872414e-01
7.000000000000000000e+00,5.789473684210526550e-01,8.846029766218681534e-01
6.250000000000000000e+00,6.315789473684210176e-01,7.202023332807639955e-01
6.289473684210526550e+00,6.315789473684210176e-01,7.401109844126911863e-01
6.328947368421052211e+00,6.315789473684210176e-01,7.564716160446876003e-01
6.368421052631578760e+00,6.315789473684210176e-01,7.741126163967353424e-01
6.407894736842105310e+00,6.315789473684210176e-01,7.896310929082309693e-01
6.447368421052631859e+00,6.315789473684210176e-01,8.041489399815958672e-01
6.486842105263157521e+00,6.315789473684210176e-01,8.186609813351451992e-01
6.526315789473684070e+00,6.315789473684210176e-01,8.308062873799375581e-01
6.565789473684210620e+00,6.315789473684210176e-01,8.410911963107055023e-01
6.605263157894737169e+00,6.315789473684210176e-01,8.524420965912333781e-01
6.644736842105262831e+00,6.315789473684210176e-01,8.621333718444725847e-01
6.684210526315789380e+00,6.315789473684210176e-01,8.712394751316846486e-01
6.723684210526315930e+00,6.315789473684210176e-01,8.791085166933114703e-01
6.763157894736842479e+00,6.315789473684210176e-01,8.871255925542390619e-01
6.802631578947368141e+00,6.315789473684210176e-01,8.936969100486659157e-01
6.842105263157894690e+00,6.315789473684210176e-01,9.002296309458723833e-01
6.881578947368421240e+00,6.315789473684210176e-01,8.961680114069199288e-01
6.921052631578946901e+00,6.315789473684210176e-01,8.928692532460469344e-01
6.960526315789473450e+00,6.315789473684210176e-01,8.887079231891183984e-01
7.000000000000000000e+00,6.315789473684210176e-01,8.847470648235025159e-01
6.250000000000000000e+00,6.842105263157893802e-01,7.063710311726691948e-01
6.289473684210526550e+00,6.842105263157893802e-01,7.295534343384389997e-01
6.328947368421052211e+00,6.842105263157893802e-01,7.480465864289258526e-01
6.368421052631578760e+00,6.842105263157893802e-01,7.639767576889092693e-01
6.407894736842105310e+00,6.842105263157893802e-01,7.808172097720289528e-01
6.447368421052631859e+00,6.842105263157893802e-01,7.967104711120724936e-01
6.486842105263157521e+00,6.842105263157893802e-01,8.106539544634211447e-01
6.526315789473684070e+00,6.842105263157893802e-01,8.243074832505574712e-01
6.565789473684210620e+00,6.842105263157893802e-01,8.359791309325497188e-01
6.605263157894737169e+00,6.842105263157893802e-01,8.474956477479153039e-01
6.644736842105262831e+00,6.842105263157893802e-01,8.580304022650007134e-01
6.684210526315789380e+00,6.842105263157893802e-01,8.673061112606774703e-01
6.723684210526315930e+00,6.842105263157893802e-01,8.755562413309712078e-01
6.763157894736842479e+00,6.842105263157893802e-01,8.837891869407856760e-01
6.802631578947368141e+00,6.842105263157893802e-01,8.909303711183675922e-01
6.842105263157894690e+00,6.842105263157893802e-01,8.982470261672026446e-01
6.881578947368421240e+00,6.842105263157893802e-01,8.965763413324854270e-01
6.921052631578946901e+00,6.842105263157893802e-01,8.931929996598901855e-01
6.960526315789473450e+00,6.842105263157893802e-01,8.890434345088498169e-01
7.000000000000000000e+00,6.842105263157893802e-01,8.849132322702937259e-01
6.250000000000000000e+00,7.368421052631578538e-01,6.918921342533407293e-01
6.289473684210526550e+00,7.368421052631578538e-01,7.137515421541767990e-01
6.328947368421052211e+00,7.368421052631578538e-01,7.339646423856243107e-01
6.368421052631578760e+00,7.368421052631578538e-01,7.546862835694565508e-01
6.407894736842105310e+00,7.368421052631578538e-01,7.702951897865450981e-01
6.447368421052631859e+00,7.368421052631578538e-01,7.866715056607254120e-01
6.486842105263157521e+00,7.368421052631578538e-01,8.022998108549319607e-01
6.526315789473684070e+00,7.368421052631578538e-01,8.164011462732856383e-01
6.565789473684210620e+00,7.368421052631578538e-01,8.298747727200475044e-01
6.605263157894737169e+00,7.368421052631578538e-01,8.410872079874054386e-01
6.644736842105262831e+00,7.368421052631578538e-01,8.527848177842979327e-01
6.684210526315789380e+00,7.368421052631578538e-01,8.624385504950385917e-01
6.723684210526315930e+00,7.368421052631578538e-01,8.713308005034023918e-01
6.763157894736842479e+00,7.368421052631578538e-01,8.796768153480019059e-01
6.802631578947368141e+00,7.368421052631578538e-01,8.876270668734644875e-01
6.842105263157894690e+00,7.368421052631578538e-01,8.949806647205806875e-01
6.881578947368421240e+00,7.368421052631578538e-01,8.970296094019754030e-01
6.921052631578946901e+00,7.368421052631578538e-01,8.934806120025347020e-01
6.960526315789473450e+00,7.368421052631578538e-01,8.893117714981639832e-01
7.000000000000000000e+00,7.368421052631578538e-01,8.850477363202544634e-01
6.250000000000000000e+00,7.894736842105263275e-01,6.732435868550326052e-01
6.289473684210526550e+00,7.894736842105263275e-01,6.984828401014525623e-01
6.328947368421052211e+00,7.894736842105263275e-01,7.211666594167985833e-01
6.368421052631578760e+00,7.894736842105263275e-01,7.402293723446440321e-01
6.407894736842105310e+00,7.894736842105263275e-01,7.600072444024615903e-01
6.447368421052631859e+00,7.894736842105263275e-01,7.768113109936186644e-01
6.486842105263157521e+00,7.894736842105263275e-01,7.931694555738665331e-01
6.526315789473684070e+00,7.894736842105263275e-01,8.080112984981722146e-01
6.565789473684210620e+00,7.894736842105263275e-01,8.233360721420777129e-01
6.605263157894737169e+00,7.894736842105263275e-01,8.343055125227387681e-01
6.644736842105262831e+00,7.894736842105263275e-01,8.456120918557475941e-01
6.684210526315789380e+00,7.894736842105263275e-01,8.561340567826387637e-01
6.723684210526315930e+00,7.894736842105263275e-01,8.663593794870216858e-01
6.763157894736842479e+00,7.894736842105263275e-01,8.751763923546660440e-01
6.802631578947368141e+00,7.894736842105263275e-01,8.841070383252893627e-01
6.842105263157894690e+00,7.894736842105263275e-01,8.912861707452071069e-01
6.881578947368421240e+00,7.894736842105263275e-01,8.974397524517143676e-01
6.921052631578946901e+00,7.894736842105263275e-01,8.936734995535482451e-01
6.960526315789473450e+00,7.894736842105263275e-01,8.894381076196505864e-01
7.000000000000000000e+00,7.894736842105263275e-01,8.851105474729341616e-01
6.250000000000000000e+00,8.421052631578946901e-01,6.562272180346997441e-01
6.289473684210526550e+00,8.421052631578946901e-01,6.826368705228705869e-01
6.328947368421052211e+00,8.421052631578946901e-01,7.058070143217322068e-01
6.368421052631578760e+00,8.421052631578946901e-01,7.288702339244207407e-01
6.407894736842105310e+00,8.421052631578946901e-01,7.475778080429418271e-01
6.447368421052631859e+00,8.421052631578946901e-01,7.663086199002778764e-01
6.486842105263157521e+00,8.421052631578946901e-01,7.835305347811830634e-01
6.526315789473684070e+00,8.421052631578946901e-01,8.004678583670483683e-01
6.565789473684210620e+00,8.421052631578946901e-01,8.142702548423157438e-01
6.605263157894737169e+00,8.421052631578946901e-01,8.283251618616880307e-01
6.644736842105262831e+00,8.421052631578946901e-01,8.402497897870933041e-01
6.684210526315789380e+00,8.421052631578946901e-01,8.513301314771146711e-01
6.723684210526315930e+00,8.421052631578946901e-01,8.617742978328640779e-01
6.763157894736842479e+00,8.421052631578946901e-01,8.709353276451925474e-01
6.802631578947368141e+00,8.421052631578946901e-01,8.807524505979449359e-01
6.842105263157894690e+00,8.421052631578946901e-01,8.871450860749918732e-01
6.881578947368421240e+00,8.421052631578946901e-01,8.955287132059792654e-01
6.921052631578946901e+00,8.421052631578946901e-01,8.937789459608984632e-01
6.960526315789473450e+00,8.421052631578946901e-01,8.894180774361896136e-01
7.000000000000000000e+00,8.421052631578946901e-01,8.851147116819533256e-01
6.250000000000000000e+00,8.947368421052630527e-01,6.403489314203664184e-01
6.289473684210526550e+00,8.947368421052630527e-01,6.691005568766106304e-01
6.328947368421052211e+00,8.947368421052630527e-01,6.949759595374612742e-01
6.368421052631578760e+00,8.947368421052630527e-01,7.170139780494766413e-01
6.407894736842105310e+00,8.947368421052630527e-01,7.391189046386886785e-01
6.447368421052631859e+00,8.947368421052630527e-01,7.590379069144150836e-01
6.486842105263157521e+00,8.947368421052630527e-01,7.759523205222755848e-01
6.526315789473684070e+00,8.947368421052630527e-01,7.930965381601079445e-01
6.565789473684210620e+00,8.947368421052630527e-01,8.084258017067320612e-01
6.605263157894737169e+00,8.947368421052630527e-01,8.226689829247109120e-01
6.644736842105262831e+00,8.947368421052630527e-01,8.354790528731785848e-01
6.684210526315789380e+00,8.947368421052630527e-01,8.472697858093042322e-01
6.723684210526315930e+00,8.947368421052630527e-01,8.579768156785236854e-01
6.763157894736842479e+00,8.947368421052630527e-01,8.674919105913176942e-01
6.802631578947368141e+00,8.947368421052630527e-01,8.776157247718090471e-01
6.842105263157894690e+00,8.947368421052630527e-01,8.840846874841117309e-01
6.881578947368421240e+00,8.947368421052630527e-01,8.930963153323423498e-01
6.921052631578946901e+00,8.947368421052630527e-01,8.938159177740953032e-01
6.960526315789473450e+00,8.947368421052630527e-01,8.892648105528717650e-01
7.000000000000000000e+00,8.947368421052630527e-01,8.851952283703307112e-01
6.250000000000000000e+00,9.473684210526315264e-01,6.309853356426728954e-01
6.289473684210526550e+00,9.473684210526315264e-01,6.596463560936749460e-01
6.328947368421052211e+00,9.473684210526315264e-01,6.852464453777747933e-01
6.368421052631578760e+00,9.473684210526315264e-01,7.103462075493804928e-01
6.407894736842105310e+00,9.473684210526315264e-01,7.329328156885985823e-01
6.447368421052631859e+00,9.473684210526315264e-01,7.517235040358004605e-01
6.486842105263157521e+00,9.473684210526315264e-01,7.710986804187588417e-01
6.526315789473684070e+00,9.473684210526315264e-01,7.880138222145952609e-01
6.565789473684210620e+00,9.473684210526315264e-01,8.042830955893078837e-01
6.605263157894737169e+00,9.473684210526315264e-01,8.194613510412349644e-01
6.644736842105262831e+00,9.473684210526315264e-01,8.320061996530764281e-01
6.684210526315789380e+00,9.473684210526315264e-01,8.447231056643829117e-01
6.723684210526315930e+00,9.473684210526315264e-01,8.554420283549724058e-01
6.763157894736842479e+00,9.473684210526315264e-01,8.652031608091044212e-01
6.802631578947368141e+00,9.473684210526315264e-01,8.755088597369542480e-01
6.842105263157894690e+00,9.473684210526315264e-01,8.823350546824941798e-01
6.881578947368421240e+00,9.473684210526315264e-01,8.914885663749652078e-01
6.921052631578946901e+00,9.473684210526315264e-01,8.938315100112472766e-01
6.960526315789473450e+00,9.473684210526315264e-01,8.891044993969956511e-01
7.000000000000000000e+00,9.473684210526315264e-01,8.851870815188122021e-01
6.250000000000000000e+00,1.000000000000000000e+00,6.271088190892353254e-01
6.289473684210526550e+00,1.000000000000000000e+00,6.558663533271047452e-01
6.328947368421052211e+00,1.000000000000000000e+00,6.828827702506513608e-01
6.368421052631578760e+00,1.000000000000000000e+00,7.081051004900144052e-01
6.407894736842105310e+00,1.000000000000000000e+00,7.301902812941928334e-01
6.447368421052631859e+00,1.000000000000000000e+00,7.496944377654788383e-01
6.486842105263157521e+00,1.000000000000000000e+00,7.691754255198005596e-01
6.526315789473684070e+00,1.000000000000000000e+00,7.862502938956794640e-01
6.565789473684210620e+00,1.000000000000000000e+00,8.030869611722109003e-01
6.605263157894737169e+00,1.000000000000000000e+00,8.177239348359734983e-01
6.644736842105262831e+00,1.000000000000000000e+00,8.305672372719795638e-01
6.684210526315789380e+00,1.000000000000000000e+00,8.437891270633703922e-01
6.723684210526315930e+00,1.000000000000000000e+00,8.545457826242885968e-01
6.763157894736842479e+00,1.000000000000000000e+00,8.644004436674683767e-01
6.802631578947368141e+00,1.000000000000000000e+00,8.747737136439488470e-01
6.842105263157894690e+00,1.000000000000000000e+00,8.817483145163980129e-01
6.881578947368421240e+00,1.000000000000000000e+00,8.909284426157981773e-01
6.921052631578946901e+00,1.000000000000000000e+00,8.938440430339675835e-01
6.960526315789473450e+00,1.000000000000000000e+00,8.890508835522057396e-01
7.000000000000000000e+00,1.000000000000000000e+00,8.851870837634941980e-01
