i,j,v1_norm,v2_norm,z_dist,gap
0.0,0.0,3.2262304611376384,3.2262304611527473,6.932715182300198,0.31809008927337534
0.0,0.041666666666666664,3.226061154021891,3.226080139624152,6.9181823651194225,0.32213169689030197
0.0,0.08333333333333333,3.226225868122029,3.2263713007527577,6.907318163805812,0.32178085247904176
0.0,0.125,3.22615999596514,3.226554787578797,6.8822194202160265,0.3246806802558373
0.0,0.16666666666666666,3.226140097072772,3.2269155292620435,6.845195818550634,0.32969527957942446
0.0,0.20833333333333331,3.225977837089286,3.227330642093329,6.799974311491514,0.33549050661276003
0.0,0.25,3.2257258889987237,3.227863350339361,6.743029555368414,0.34337627813509475
0.0,0.29166666666666663,3.225622831783879,3.2287087237010828,6.6800045976268265,0.3467319686988176
0.0,0.3333333333333333,3.22635400150095,3.22832859525641,6.598238318836879,0.355935172217848
0.0,0.375,3.22576447130595,3.228049201190381,6.592751661867503,0.3586357995345818
0.0,0.41666666666666663,3.2252204233417787,3.231302835422548,6.506360753335494,0.3660465855870364
0.0,0.4583333333333333,3.225237521824481,3.231694072154829,6.470931290081339,0.37038747845220144
0.0,0.5,3.2255236936236877,3.2306227141065094,6.457513215196867,0.37334412346714985
0.0,0.5416666666666666,3.2251541681103184,3.231708251416985,6.470495185960905,0.370440010226881
0.0,0.5833333333333333,3.2249888689096924,3.2310941996550935,6.506737236704302,0.36708437203416
0.0,0.625,3.2256213907572837,3.228064877056315,6.592639556123656,0.3589094797565754
0.0,0.6666666666666666,3.2261947274981444,3.2283246756438637,6.598266989237333,0.35651260489002146
0.0,0.7083333333333333,3.2252557695713677,3.228840480420108,6.681711571748984,0.3469981452302541
0.0,0.75,3.225535067057328,3.2279393231499274,6.7442243328933795,0.34124961519817976
0.0,0.7916666666666666,3.2257329678256252,3.227367573675436,6.800064336527914,0.33544557794604113
0.0,0.8333333333333333,3.2259601213411386,3.2269516213986695,6.846336518873672,0.32943802684628065
0.0,0.875,3.2259259454655504,3.2264681966218496,6.883205699584037,0.32608803473674774
0.0,0.9166666666666666,3.22609527412515,3.2263355808794176,6.907868166701688,0.3219674915429651
0.0,0.9583333333333333,3.2262441349035136,3.2263154931496256,6.919306724993179,0.32026931537454173
0.0,1.0,3.226230461137025,3.2262304611521673,6.932715182409426,0.3180900890284384
0.041666666666666664,0.0,3.2260801778475665,3.2260611164339825,6.918182363478028,0.322132170403727
0.041666666666666664,0.041666666666666664,3.2263148560906076,3.226314856103777,6.9117093791208255,0.32077614539892807
0.041666666666666664,0.08333333333333333,3.226359607423167,3.2264870207824052,6.892522889065285,0.3234814392254741
0.041666666666666664,0.125,3.2264168221997855,3.2267959167731695,6.862386159237731,0.32633740559428737
0.041666666666666664,0.16666666666666666,3.2262493336427016,3.227023402443443,6.823031077461929,0.3318792922677044
0.041666666666666664,0.20833333333333331,3.226184579592571,3.2276095696531684,6.769541283473741,0.33822095516129125
0.041666666666666664,0.25,3.2260695566969537,3.228232061197929,6.710395622904038,0.3414099160921976
0.041666666666666664,0.29166666666666663,3.226616438587646,3.2282584647566464,6.6015734903704075,0.3511228418297295
0.041666666666666664,0.3333333333333333,3.2262369035360905,3.2281845722545244,6.5952631117830425,0.3525702788657994
0.041666666666666664,0.375,3.2255105689898422,3.230743020974892,6.530455409351125,0.3552870684725129
0.041666666666666664,0.41666666666666663,3.225361318999031,3.2315751618436837,6.486718830518216,0.36153412989717815
0.041666666666666664,0.4583333333333333,3.2253237521304703,3.2311342346483323,6.459691675898556,0.36543416806369744
0.041666666666666664,0.5,3.225235117258761,3.231190292409613,6.459298662696394,0.365472849205284
0.041666666666666664,0.5416666666666666,3.224863721992983,3.231599319825426,6.486369418901129,0.3616788604904543
0.041666666666666664,0.5833333333333333,3.224718892297855,3.2309254912635974,6.530835260356522,0.3568013768902806
0.041666666666666664,0.625,3.2257983588734094,3.228185679651059,6.595199054400535,0.353176267658043
0.041666666666666664,0.6666666666666666,3.226087616954917,3.2282451342024916,6.601459930329677,0.35169543847003937
0.041666666666666664,0.7083333333333333,3.225068715913702,3.2280839325155357,6.708466241206439,0.34140625393017765
0.041666666666666664,0.75,3.225287927117242,3.227599200646956,6.770028897635115,0.33871268245417396
0.041666666666666664,0.7916666666666666,3.2255287507556707,3.2270496006761555,6.821183590917814,0.3324013490688913
0.041666666666666664,0.8333333333333333,3.225889900673722,3.226805946612335,6.862478704368334,0.3265515691172878
0.041666666666666664,0.875,3.2258889527378107,3.226389296035178,6.892278931118598,0.3241840246513815
0.041666666666666664,0.9166666666666666,3.225975718615868,3.2261433973038725,6.912610570477128,0.3216669445834359
0.041666666666666664,0.9583333333333333,3.2260393843292663,3.226103816027087,6.917838205757336,0.3215659994151052
0.041666666666666664,1.0,3.226080177846749,3.2260611164342454,6.918182363495289,0.32213217041823006
0.08333333333333333,0.0,3.226371344838517,3.2262258358509905,6.9073175579556665,0.3217814109365891
0.08333333333333333,0.041666666666666664,3.2264870510192973,3.2263596039345175,6.892522054552272,0.3234819912346131
0.08333333333333333,0.08333333333333333,3.2266161478784765,3.226616147890221,6.8677917441430125,0.3253134941224993
0.08333333333333333,0.125,3.226580692957981,3.2268457389696645,6.8304965458991855,0.32992660728651657
0.08333333333333333,0.16666666666666666,3.226537747482872,3.22725201305207,6.7874710305753645,0.3340871532825129
0.08333333333333333,0.20833333333333331,3.2264920142319355,3.227864260847782,6.729724654674209,0.3380655702466703
0.08333333333333333,0.25,3.226590168213088,3.22882793776288,6.66598525510838,0.34015789702584354
0.08333333333333333,0.29166666666666663,3.2266108341044317,3.228117544711124,6.597296982437692,0.34795108827032684
0.08333333333333333,0.3333333333333333,3.2260920539987583,3.227954063010529,6.591874708046969,0.348025460778026
0.08333333333333333,0.375,3.2256112977275957,3.2310737852139155,6.5004414252768665,0.35626885965060295
0.08333333333333333,0.41666666666666663,3.2254667690682526,3.2315007638490787,6.466156097544582,0.35692557861933893
0.08333333333333333,0.4583333333333333,3.225569180930426,3.2311252569758557,6.45296481880913,0.3550137446412658
0.08333333333333333,0.5,3.2251545383476365,3.2313504544065705,6.4643792796465185,0.35539353470057167
0.08333333333333333,0.5416666666666666,3.2246236599905536,3.2310231113760355,6.4991158667370765,0.35551314675260737
0.08333333333333333,0.5833333333333333,3.225386648485309,3.227906408429322,6.591790555541097,0.34899867367157944
0.08333333333333333,0.625,3.2257627553013375,3.2280820422314984,6.597309459899067,0.3483023977846451
0.08333333333333333,0.6666666666666666,3.2247802711257596,3.228828488821122,6.66724531139077,0.3412349029214319
0.08333333333333333,0.7083333333333333,3.2249378540186844,3.2277906364588316,6.730366804515004,0.33972971053016376
0.08333333333333333,0.75,3.2252265993158478,3.227268114839641,6.785312497860726,0.3358127050862916
0.08333333333333333,0.7916666666666666,3.225499653144115,3.2268235889921146,6.830456986794619,0.33073940535470825
0.08333333333333333,0.8333333333333333,3.2257158969801827,3.226438082369555,6.86654187641574,0.3269419380487366
0.08333333333333333,0.875,3.225991268904731,3.226361015767741,6.893208926166544,0.32286777703611946
0.08333333333333333,0.9166666666666666,3.2260866672217863,3.226188788964502,6.906633779164089,0.32215140156920596
0.08333333333333333,0.9583333333333333,3.226168571535445,3.2261498343023645,6.911586115046607,0.32107328941205604
0.08333333333333333,1.0,3.2263713448376796,3.2262258358503018,6.907317557994077,0.3217814109726884
0.125,0.0,3.226558405807004,3.226163159072795,6.881973462533429,0.3246204674109757
0.125,0.041666666666666664,3.226796059691218,3.226416931394327,6.8623873841857055,0.32633647778798536
0.125,0.08333333333333333,3.226845764600298,3.226580671751599,6.83049655767679,0.32992683492557817
0.125,0.125,3.2269494742056377,3.226949474213112,6.792009943468885,0.3337939057188182
0.125,0.16666666666666666,3.226955328934852,3.2273992519667845,6.740602046852391,0.33765944158775485
0.125,0.20833333333333331,3.2269793931162174,3.2280838090937602,6.682561629684251,0.3381483113107877
0.125,0.25,3.2269461147296656,3.227913943826356,6.598845742732312,0.3453369616004681
0.125,0.29166666666666663,3.226463225935379,3.227774856907361,6.593056121519359,0.344863503762316
0.125,0.3333333333333333,3.2263508911250054,3.2305451201809743,6.508862179219227,0.3473225283204132
0.125,0.375,3.2260388071640578,3.230976661386805,6.469374474494479,0.34965644176663224
0.125,0.41666666666666663,3.2255417690963557,3.231118897311174,6.449625160903954,0.34985958503227954
0.125,0.4583333333333333,3.225189714339739,3.2310067979141297,6.448766748625662,0.3503495467643736
0.125,0.5,3.224884724304389,3.2312641142357506,6.469857765002805,0.34997382940245825
0.125,0.5416666666666666,3.224568968090222,3.2305683074322404,6.509168300114755,0.3474085553683389
0.125,0.5833333333333333,3.225400621833947,3.227738128931229,6.592923576023535,0.34523678505695343
0.125,0.625,3.2257079276773952,3.2278682908073892,6.598866812020194,0.3462640286376355
0.125,0.6666666666666666,3.2246681927971004,3.2280583567124563,6.681854984335459,0.33888603181470667
0.125,0.7083333333333333,3.224739029764994,3.2272545944472344,6.739657541611885,0.3394083096568844
0.125,0.75,3.2251809231087534,3.226844402686252,6.791509416540755,0.33464121235132593
0.125,0.7916666666666666,3.2255013269435566,3.2265636130534494,6.830403617189141,0.33053231255927107
0.125,0.8333333333333333,3.225757394873236,3.2262959918918748,6.864706543194835,0.32666537142298624
0.125,0.875,3.2259885263451684,3.2261439982828195,6.882274774811744,0.32480713118632465
0.125,0.9166666666666666,3.2262529997997182,3.2261351453604763,6.893708351892155,0.32388169294482605
0.125,0.9583333333333333,3.2263771851894765,3.2260787062167533,6.893409107584912,0.32417363973848
0.125,1.0,3.2265584059506263,3.226163159221919,6.881973463465922,0.32462046682191037
0.16666666666666666,0.0,3.226915542540292,3.2261400700943272,6.845195652700625,0.32969576256533983
0.16666666666666666,0.041666666666666664,3.227023431137241,3.2262493075177727,6.823030782548159,0.33187963514498664
0.16666666666666666,0.08333333333333333,3.2272520887456495,3.226537783710014,6.787472041344854,0.33408636446069984
0.16666666666666666,0.125,3.227399287893535,3.226955305439326,6.740602186991744,0.33765971035264164
0.16666666666666666,0.16666666666666666,3.227551513450281,3.2275515134668544,6.68640702707844,0.33703684019473534
0.16666666666666666,0.20833333333333331,3.227314420458677,3.2276379833647537,6.599377542935565,0.3455495841757802
0.16666666666666666,0.25,3.226879575046919,3.227562036655104,6.593721740787007,0.34252026738970476
0.16666666666666666,0.29166666666666663,3.2270999736686923,3.2297179151435653,6.515214171004223,0.3437342524748169
0.16666666666666666,0.3333333333333333,3.2266246875239664,3.230337673709732,6.475470592337379,0.34722938152976
0.16666666666666666,0.375,3.2262832942249653,3.2308949928612507,6.441653125628662,0.34505950006449837
0.16666666666666666,0.41666666666666663,3.2256744594740674,3.230936505536201,6.435038628325026,0.34503474695321623
0.16666666666666666,0.4583333333333333,3.2250932373743297,3.2307107237591866,6.445229359255203,0.3462593475886099
0.16666666666666666,0.5,3.2246668773873823,3.2303209534031647,6.473824670921799,0.34684344086048646
0.16666666666666666,0.5416666666666666,3.2245336306936307,3.2297320097537328,6.515498963528085,0.34287062716036953
0.16666666666666666,0.5833333333333333,3.2254560582272935,3.2275300378349625,6.5937069306545695,0.3433511182747684
0.16666666666666666,0.625,3.2256809956511874,3.227556211955886,6.599532976421125,0.34543544943310156
0.16666666666666666,0.6666666666666666,3.224666962556077,3.2274513876333666,6.6857359760055175,0.33825647308432105
0.16666666666666666,0.7083333333333333,3.2248853255280734,3.2269065847401475,6.740075245190358,0.33825668235284645
0.16666666666666666,0.75,3.2252119076946464,3.2265478296673575,6.7856210050867,0.33543950902087705
0.16666666666666666,0.7916666666666666,3.2255478563844844,3.226269700573069,6.820148246855856,0.3322807054933382
0.16666666666666666,0.8333333333333333,3.225847099113969,3.2260608732762055,6.8463744954219905,0.3304323861909688
0.16666666666666666,0.875,3.226244653253001,3.2260740042275895,6.861545831637164,0.3277046602846202
0.16666666666666666,0.9166666666666666,3.2263461752851437,3.2259478644125217,6.866351139546509,0.32792231740336963
0.16666666666666666,0.9583333333333333,3.226666001670374,3.2260074978581277,6.861478867728833,0.32742078546764897
0.16666666666666666,1.0,3.226915542539836,3.226140070095422,6.845195652683794,0.32969576256577715
0.20833333333333331,0.0,3.227330556973954,3.225977837360903,6.7999688961692915,0.33549086987568333
0.20833333333333331,0.041666666666666664,3.227609584758305,3.2261845601087114,6.76954125584238,0.3382214229541274
0.20833333333333331,0.08333333333333333,3.2278657087327383,3.226493186144281,6.729742262824068,0.3380576318099796
0.20833333333333331,0.125,3.2280838611480256,3.226979387595598,6.682560988778066,0.3381481296727815
0.20833333333333331,0.16666666666666666,3.2276379479189794,3.2273144279687047,6.599377539046671,0.34555012639310767
0.20833333333333331,0.20833333333333331,3.2272157224042726,3.227215722405352,6.5940347813227245,0.34232704619242027
0.20833333333333331,0.25,3.2280491888651897,3.2290012621613298,6.517828497010644,0.3430641485495125
0.20833333333333331,0.29166666666666663,3.2275771707866885,3.229485333148669,6.472593099442326,0.3415773502906112
0.20833333333333331,0.3333333333333333,3.227361014649528,3.230400281953375,6.431368778461536,0.3424737605342135
0.20833333333333331,0.375,3.2265511409577234,3.2305678800149993,6.428461928102504,0.3383017815190381
0.20833333333333331,0.41666666666666663,3.2256061758411665,3.2300236666757796,6.422927904757685,0.3404056520212668
0.20833333333333331,0.4583333333333333,3.2253766816097365,3.23003368367572,6.439987558821899,0.34099758264973923
0.20833333333333331,0.5,3.2246464766085756,3.229431329605077,6.473656929898082,0.3415675394263331
0.20833333333333331,0.5416666666666666,3.2242901887737805,3.2289202426322388,6.518754967722158,0.34218210546712313
0.20833333333333331,0.5833333333333333,3.2253671729460383,3.2271055296426816,6.593845518094016,0.34373513666671274
0.20833333333333331,0.625,3.225682186943165,3.22722985420418,6.5995275125588755,0.34557780557685847
0.20833333333333331,0.6666666666666666,3.2246429849630394,3.226995407048591,6.681279061312619,0.3408648331356612
0.20833333333333331,0.7083333333333333,3.2247736490558596,3.2263374724346154,6.730507455374607,0.3408223728473153
0.20833333333333331,0.75,3.2253488213735215,3.226217503691973,6.770088857201692,0.3383040314361301
0.20833333333333331,0.7916666666666666,3.2256730779601694,3.225953275983073,6.799961993794895,0.3359281576523331
0.20833333333333331,0.8333333333333333,3.226063273779177,3.225841616885053,6.820913637683965,0.3334159146654452
0.20833333333333331,0.875,3.22638182716687,3.225756618563387,6.829131937076651,0.33373042929544217
0.20833333333333331,0.9166666666666666,3.2266429122868847,3.225730823741834,6.8342207309831835,0.3321455168947367
0.20833333333333331,0.9583333333333333,3.2270210773735197,3.2258312058575593,6.8213548981873995,0.333945132062212
0.20833333333333331,1.0,3.2273305569724093,3.225977837365819,6.799968895991123,0.33549086983665255
0.25,0.0,3.2278633899982916,3.2257259021031914,6.743028999624784,0.3433766924463123
0.25,0.041666666666666664,3.228232077512794,3.226069530069635,6.710395341509306,0.34141033697523704
0.25,0.08333333333333333,3.2288278930628564,3.226590083111572,6.665984962221417,0.34015882046820534
0.25,0.125,3.227913911910089,3.226946117993258,6.598845738079753,0.34533677180355593
0.25,0.16666666666666666,3.2275620142518195,3.226879592710393,6.5937217415674425,0.3425207070621368
0.25,0.20833333333333331,3.229001427298209,3.228049411684572,6.517852066593228,0.34303499921875735
0.25,0.25,3.22843104871432,3.228431048735048,6.476482439027283,0.34205800991654045
0.25,0.29166666666666663,3.2282405492804904,3.229231305565663,6.439363312690956,0.3356429706589652
0.25,0.3333333333333333,3.2277218969968224,3.2298412880245677,6.414427435121837,0.33732533734660597
0.25,0.375,3.226699445186125,3.229465459518628,6.405928393595289,0.33546482972002667
0.25,0.41666666666666663,3.2259731243070187,3.2294637519877454,6.4154917818261925,0.3369811350429276
0.25,0.4583333333333333,3.2252735929332,3.2290467805639307,6.438382932554662,0.3389830186100192
0.25,0.5,3.224780657301997,3.228540453054607,6.47100979710301,0.33936701896569454
0.25,0.5416666666666666,3.224411716527304,3.2278698438034485,6.522401622592453,0.34082586540196036
0.25,0.5833333333333333,3.225401924554605,3.2267872136643807,6.5937234062510175,0.3436036777403477
0.25,0.625,3.2257153914800374,3.2268959256127068,6.598736846897298,0.34660558181123147
0.25,0.6666666666666666,3.2247784152788705,3.226483665205832,6.6680107912277276,0.34391742674651793
0.25,0.7083333333333333,3.2252864497421045,3.22627064426613,6.709852608758132,0.34010740081226865
0.25,0.75,3.225490592581985,3.2258258659293233,6.744920313211763,0.3414947296190117
0.25,0.7916666666666666,3.2259049278970098,3.225640491972899,6.767969973872631,0.34166969927533897
0.25,0.8333333333333333,3.22627493427024,3.2254981534802143,6.78262243531343,0.3413940658789807
0.25,0.875,3.2266804422110527,3.225507930567452,6.788598181956202,0.33977916663674324
0.25,0.9166666666666666,3.227016026516605,3.2254053188966982,6.785868013959025,0.34056198001221216
0.25,0.9583333333333333,3.2276257396380155,3.2257127747119427,6.767468873273712,0.3401842261293284
0.25,1.0,3.2278633899995772,3.225725902104575,6.743028999608796,0.3433766924149071
0.29166666666666663,0.0,3.2287087292862195,3.2256227785820295,6.680002445122852,0.3467327324385747
0.29166666666666663,0.041666666666666664,3.2282585424719787,3.226616596715222,6.601573082255642,0.35112328610088905
0.29166666666666663,0.08333333333333333,3.2281175208802697,3.2266108534474576,6.597296971408296,0.347951423326201
0.29166666666666663,0.125,3.227774821638382,3.2264632295958005,6.593056103517528,0.3448639792144712
0.29166666666666663,0.16666666666666666,3.229717927185605,3.227099936500161,6.515214129132229,0.34373470385061566
0.29166666666666663,0.20833333333333331,3.2294853364572504,3.2275771275546354,6.4725929722852715,0.34157759147912603
0.29166666666666663,0.25,3.229227879930159,3.2282364756337345,6.439203875829747,0.3356705414170498
0.29166666666666663,0.29166666666666663,3.2280831549118103,3.2280831549373183,6.415390007811784,0.33688246297574653
0.29166666666666663,0.3333333333333333,3.227597202288252,3.228643395804421,6.396136428186836,0.3351483322025358
0.29166666666666663,0.375,3.2266398343371536,3.228697278928586,6.402081317625347,0.3347413933545704
0.29166666666666663,0.41666666666666663,3.2259180653064363,3.2283272417544344,6.411134881349012,0.3362745128562482
0.29166666666666663,0.4583333333333333,3.2253802147236343,3.2281603217339088,6.437096920269349,0.3353497664438163
0.29166666666666663,0.5,3.224513490432829,3.2274029368776773,6.474485503992877,0.34246716557020007
0.29166666666666663,0.5416666666666666,3.2244535149143947,3.2271827957993975,6.515483576250411,0.3440942536514533
0.29166666666666663,0.5833333333333333,3.225418317681597,3.2264314638425935,6.592921131297384,0.3448165955549991
0.29166666666666663,0.625,3.2258266695141025,3.2266234784320162,6.597302138347819,0.34736191762592816
0.29166666666666663,0.6666666666666666,3.226040932288944,3.226565875590946,6.601643036380933,0.35094824629657895
0.29166666666666663,0.7083333333333333,3.225273377998835,3.2256344125415866,6.680184082134332,0.3474589659545857
0.29166666666666663,0.75,3.2256692324675993,3.225378154062702,6.708737722533293,0.34796190207794775
0.29166666666666663,0.7916666666666666,3.226233251611757,3.2253112391882177,6.726186718475951,0.34723327194696274
0.29166666666666663,0.8333333333333333,3.2267279584196555,3.225244468405217,6.73537896707999,0.3476203810667511
0.29166666666666663,0.875,3.2272764022580973,3.2252823817428258,6.734311504735194,0.34758493232669463
0.29166666666666663,0.9166666666666666,3.2278187628656383,3.22532191955704,6.726424201804194,0.34660518141241103
0.29166666666666663,0.9583333333333333,3.2282591596838097,3.2253826595980937,6.708226307390067,0.3476817726687891
0.29166666666666663,1.0,3.228708729286273,3.2256227785808487,6.680002445101309,0.34673273244813596
0.3333333333333333,0.0,3.2283285495241025,3.226353985831337,6.598238343903811,0.355935721349247
0.3333333333333333,0.041666666666666664,3.2281845467132912,3.22623692235953,6.5952630940373655,0.3525706458328006
0.3333333333333333,0.08333333333333333,3.2279540380009784,3.226092069800716,6.591874693401127,0.34802588642930954
0.3333333333333333,0.125,3.230545170060797,3.2263508693927445,6.508862236479766,0.34732289879871403
0.3333333333333333,0.16666666666666666,3.230338182478618,3.2266250288730167,6.47546552815289,0.3472264904972159
0.3333333333333333,0.20833333333333331,3.230427941446105,3.227384973642654,6.430471053539412,0.3425033757680048
0.3333333333333333,0.25,3.229822172479586,3.2277032566598156,6.414684168827449,0.3373294706666553
0.3333333333333333,0.29166666666666663,3.228643119075615,3.227596750254776,6.396160936021847,0.33514579586733684
0.3333333333333333,0.3333333333333333,3.227822096744857,3.227822096760962,6.391303847234603,0.33024936860275667
0.3333333333333333,0.375,3.226907788868532,3.2278882113919005,6.398762377886824,0.3300769118816286
0.3333333333333333,0.41666666666666663,3.2257984942653914,3.227326374330261,6.413962412085835,0.34018982202710957
0.3333333333333333,0.4583333333333333,3.22518984323381,3.2270750040274216,6.439467135568023,0.3434795721745343
0.3333333333333333,0.5,3.2246270281014913,3.2265941580356463,6.4731992526445605,0.3448917425666175
0.3333333333333333,0.5416666666666666,3.2244562469619766,3.226317714419661,6.509934878722527,0.34998011770907755
0.3333333333333333,0.5833333333333333,3.225394924874656,3.226048096902343,6.591753942582562,0.3487753389381606
0.3333333333333333,0.625,3.225728223845599,3.226173109763956,6.595138511780103,0.35272624772193284
0.3333333333333333,0.6666666666666666,3.226148897452628,3.2263075588848156,6.598233516540885,0.35642632471500424
0.3333333333333333,0.7083333333333333,3.2264679281275526,3.226293765804464,6.601076712923019,0.35873167300888187
0.3333333333333333,0.75,3.225999311853882,3.2249895956538994,6.6632292975690355,0.3576662553370519
0.3333333333333333,0.7916666666666666,3.2267104200736174,3.2250649911505467,6.673893582489487,0.35749124033730006
0.3333333333333333,0.8333333333333333,3.2272521939168013,3.2249838788539535,6.678490555441758,0.35744163382414496
0.3333333333333333,0.875,3.2279268825046485,3.225061870065429,6.673276737412905,0.356999283285954
0.3333333333333333,0.9166666666666666,3.2285629243629246,3.2251710544489676,6.661465206844412,0.35609695177263967
0.3333333333333333,0.9583333333333333,3.2282432195010142,3.2262490963069266,6.601696784028514,0.35738791719634677
0.3333333333333333,1.0,3.228328549524463,3.226353985831958,6.5982383439028425,0.3559357213392397
0.375,0.0,3.228049181372624,3.2257644931481795,6.592751644514115,0.35863617300616346
0.375,0.041666666666666664,3.230743014532974,3.2255105692574837,6.530455351563758,0.35528747621531354
0.375,0.08333333333333333,3.2309564146419687,3.225634932787113,6.499201482286683,0.35549649007663064
0.375,0.125,3.2309764740587226,3.2260386226050546,6.469384463360496,0.3496523815935192
0.375,0.16666666666666666,3.2310215045253976,3.2264126005573304,6.44096375660658,0.3443679135239375
0.375,0.20833333333333331,3.2300387987456456,3.2264007275987927,6.4240847284710085,0.34036705044468873
0.375,0.25,3.2294651824027123,3.2266992851783685,6.405934076086199,0.33547291366956555
0.375,0.29166666666666663,3.2286898448150314,3.2265251978595115,6.403553081648967,0.3355700660834108
0.375,0.3333333333333333,3.2278882595951246,3.226907646707686,6.398762800806477,0.3300773293218814
0.375,0.375,3.2264857704968017,3.226485770503769,6.405014358050677,0.33815441994452033
0.375,0.41666666666666663,3.225757380358922,3.226432809281281,6.419129333923287,0.3395956616343323
0.375,0.4583333333333333,3.2250896410383136,3.226166781149873,6.442491768354671,0.34719286192921794
0.375,0.5,3.224650421916732,3.2258614289203145,6.471641079639269,0.35289725468571465
0.375,0.5416666666666666,3.2248752366510383,3.225877602469025,6.499644463299495,0.3561161048626187
0.375,0.5833333333333333,3.2245836901873473,3.2253595616622994,6.5316046959043135,0.3596250475269994
0.375,0.625,3.2256145880259024,3.2257481875116425,6.592618688549862,0.35881970807654096
0.375,0.6666666666666666,3.226033253883422,3.225886678846242,6.59480727738195,0.3626574744622313
0.375,0.7083333333333333,3.226374553823543,3.2258944697285235,6.596475509699173,0.3660594603534667
0.375,0.75,3.226669138485596,3.225821330876161,6.597669277569308,0.3696962561374698
0.375,0.7916666666666666,3.227035035260073,3.225823538028427,6.598194173627608,0.3711558092549119
0.375,0.8333333333333333,3.2274893680635186,3.2259398724396866,6.598266554621455,0.3694308474940019
0.375,0.875,3.2277219506895714,3.2258804259236706,6.597617139265083,0.3689351603320802
0.375,0.9166666666666666,3.2279651287379987,3.225904038050988,6.596491950202523,0.36567529158822676
0.375,0.9583333333333333,3.228061929060511,3.2258536529880337,6.5948137733639545,0.36286324662466396
0.375,1.0,3.228049181372815,3.2257644931483056,6.592751644513422,0.35863617300864536
0.41666666666666663,0.0,3.2313028366544394,3.225220421201367,6.506360715733747,0.3660469593001022
0.41666666666666663,0.041666666666666664,3.23157514657984,3.225361334716119,6.486718857111182,0.3615344339934923
0.41666666666666663,0.08333333333333333,3.231500699658595,3.225466787481154,6.466156133233627,0.35692619496556177
0.41666666666666663,0.125,3.231204789834671,3.22562944081586,6.449764361219319,0.3500172326765044
0.41666666666666663,0.16666666666666666,3.2309356085033243,3.225670931013788,6.435028574624237,0.3450676350374613
0.41666666666666663,0.20833333333333331,3.2300803440154553,3.2255383519222964,6.423903621667375,0.33948725340983976
0.41666666666666663,0.25,3.2294626369277255,3.2259721654710263,6.415495773371438,0.3369802733384064
0.41666666666666663,0.29166666666666663,3.2283256186805374,3.225916399444757,6.411092884122139,0.33630271307164594
0.41666666666666663,0.3333333333333333,3.2273992339453508,3.2258739634442946,6.414022589917659,0.33747921595710795
0.41666666666666663,0.375,3.2263944605322004,3.225730186382075,6.420183731431495,0.34103006712428807
0.41666666666666663,0.41666666666666663,3.2255001146889604,3.2255001146950213,6.438322908489614,0.34613021858853465
0.41666666666666663,0.4583333333333333,3.2253348329519302,3.225730472884347,6.44382992859717,0.3511625474439055
0.41666666666666663,0.5,3.224959316460169,3.225533592290073,6.466683985242701,0.35808805176646197
0.41666666666666663,0.5416666666666666,3.2247650807877384,3.2252556608202383,6.48495824421237,0.36487737372236273
0.41666666666666663,0.5833333333333333,3.224894457608016,3.2251329660438173,6.505675145953193,0.3692246890395081
0.41666666666666663,0.625,3.225252645086106,3.2250294277536953,6.523927032201888,0.37150381369672514
0.41666666666666663,0.6666666666666666,3.2257632174058144,3.224925059825826,6.537658204169244,0.3749290262470031
0.41666666666666663,0.7083333333333333,3.2261262127460832,3.225397904874347,6.591688068737474,0.3745351148863252
0.41666666666666663,0.75,3.226525727491917,3.2254373476127425,6.592281688382682,0.3764018656304218
0.41666666666666663,0.7916666666666666,3.226887408724249,3.225450432745473,6.59237960184492,0.37678161959796974
0.41666666666666663,0.8333333333333333,3.227226994326799,3.2254315627309014,6.592271766451239,0.37634307621478824
0.41666666666666663,0.875,3.2275076215946235,3.225409599505142,6.591636938966621,0.3738375114085153
0.41666666666666663,0.9166666666666666,3.227697918460182,3.2253572793180214,6.5907997847309225,0.37100997887780485
0.41666666666666663,0.9583333333333333,3.2309558145792967,3.2250818033689126,6.524125455118087,0.3696523896501921
0.41666666666666663,1.0,3.231302836654034,3.2252204211997935,6.506360715722071,0.36604695929978937
0.4583333333333333,0.0,3.231694000361753,3.225237551105111,6.470931155361004,0.37038790866685156
0.4583333333333333,0.041666666666666664,3.2311340984618573,3.225323842371071,6.459691696167836,0.3654347288116184
0.4583333333333333,0.08333333333333333,3.231125112314316,3.2255692379523326,6.45296472446954,0.35501434300404944
0.4583333333333333,0.125,3.231006811728012,3.225189749535499,6.448766269752971,0.3503500083239024
0.4583333333333333,0.16666666666666666,3.2307110499646616,3.2250934398141355,6.445227077346972,0.34625912168950657
0.4583333333333333,0.20833333333333331,3.230103742374241,3.2252685534352348,6.440785226613025,0.34149331172090336
0.4583333333333333,0.25,3.229091639764486,3.22531021988835,6.437276108985568,0.3390279778223678
0.4583333333333333,0.29166666666666663,3.227909971707422,3.2250027998702104,6.440097082682231,0.3434972730041137
0.4583333333333333,0.3333333333333333,3.227075651246704,3.225190469363822,6.439445543813154,0.3435089344304416
0.4583333333333333,0.375,3.226267778861462,3.2251920784668373,6.4430330948031145,0.34610786321954645
0.4583333333333333,0.41666666666666663,3.2257299548800193,3.2253342206054194,6.4438295067727775,0.3511752120589786
0.4583333333333333,0.4583333333333333,3.2250682548901066,3.2250682548831415,6.455907852325849,0.35917114881225354
0.4583333333333333,0.5,3.2253039526654605,3.225440681308488,6.458186920817649,0.3669957266001649
0.4583333333333333,0.5416666666666666,3.22494107937797,3.225050707406162,6.470419128265888,0.3734616713267461
0.4583333333333333,0.5833333333333333,3.2251428226325385,3.2250040872972363,6.480803686209455,0.3793480046968677
0.4583333333333333,0.625,3.2255286137092494,3.224881970285621,6.4874823680348435,0.3851528221906769
0.4583333333333333,0.6666666666666666,3.2260925365589097,3.2247756856719842,6.493226250202419,0.39066250880329345
0.4583333333333333,0.7083333333333333,3.226887222629842,3.224801241419186,6.496002901205946,0.39302510377841915
0.4583333333333333,0.75,3.2277595341460934,3.2247842934738737,6.497568848185612,0.3943717883469069
0.4583333333333333,0.7916666666666666,3.2286863799105983,3.2247848732861617,6.4976911284698105,0.3941138959933971
0.4583333333333333,0.8333333333333333,3.2295824350999256,3.2247900470136805,6.496284612626175,0.3921910608497795
0.4583333333333333,0.875,3.230333229729418,3.2247323777246444,6.4937871639313105,0.3894846087971374
0.4583333333333333,0.9166666666666666,3.231053593779361,3.225114511063553,6.485678495296522,0.38229120790148774
0.4583333333333333,0.9583333333333333,3.231574459931716,3.225076913738261,6.4793372941189205,0.37749542062988983
0.4583333333333333,1.0,3.2316940003609003,3.225237551104707,6.470931155352622,0.3703879086757489
0.5,0.0,3.2306222779455886,3.2255239199810046,6.457512813029442,0.3733445603385426
0.5,0.041666666666666664,3.231190053464182,3.225235231070953,6.45929919089105,0.3654734707725066
0.5,0.08333333333333333,3.231350308423697,3.225154390996859,6.464377793136549,0.3553955009096237
0.5,0.125,3.231263946491824,3.224884624572221,6.469860379725789,0.34997440853736705
0.5,0.16666666666666666,3.2303205959651664,3.224666527021623,6.473827693468968,0.34684553049452227
0.5,0.20833333333333331,3.2294313553966245,3.2246464372743495,6.473657136817534,0.34156708799888524
0.5,0.25,3.22854042217242,3.22478055873909,6.471007994677144,0.3393686856166921
0.5,0.29166666666666663,3.2274029930990396,3.224513468615733,6.474485563035062,0.3424671714238541
0.5,0.3333333333333333,3.2265941896218764,3.2246268962155096,6.4731994451306125,0.34489401447130597
0.5,0.375,3.225861296787035,3.2246502639134547,6.471641153591927,0.3528966212096273
0.5,0.41666666666666663,3.2255336096690534,3.224959345851977,6.466683953325152,0.35808771866309996
0.5,0.4583333333333333,3.2254406427554825,3.2253039717086107,6.458187224716832,0.3669957623973955
0.5,0.5,3.2254434763262476,3.2254434763241755,6.458284617692726,0.3756352134685238
0.5,0.5416666666666666,3.2254277295533753,3.2253805150313477,6.451945188582156,0.38275749476838383
0.5,0.5833333333333333,3.2253598759266104,3.2250168284766363,6.453310693930703,0.39124100123844063
0.5,0.625,3.225805043185346,3.224930103238976,6.450871662067009,0.3985232705175409
0.5,0.6666666666666666,3.2265812834673455,3.225023027247122,6.449204661298351,0.4029771757867725
0.5,0.7083333333333333,3.227455371300921,3.2250418447217313,6.448199097248494,0.4058583210886402
0.5,0.75,3.2283407813351555,3.225039331431657,6.447986642898254,0.4070518320622908
0.5,0.7916666666666666,3.229398270407927,3.225050920945265,6.448448428636965,0.40545060213779427
0.5,0.8333333333333333,3.2302934185126304,3.225020052702358,6.4496135898580675,0.4020175197109729
0.5,0.875,3.231056881540125,3.2249276009423764,6.451231793121332,0.3976100826600968
0.5,0.9166666666666666,3.2317977303258836,3.22509206612432,6.451312410041105,0.3899993276452406
0.5,0.9583333333333333,3.231562995346616,3.2252902006945674,6.45335785846556,0.3812871871929865
0.5,1.0,3.230622277947128,3.22552391998278,6.4575128129927855,0.37334456033348595
0.5416666666666666,0.0,3.231708162514705,3.2251542030844824,6.4704949272942365,0.37044051109049836
0.5416666666666666,0.041666666666666664,3.2315993017532163,3.224863726724005,6.486369259968246,0.36167934123993073
0.5416666666666666,0.08333333333333333,3.2310230878926025,3.2246236763201077,6.499116216280248,0.35551362651564966
0.5416666666666666,0.125,3.230568373537834,3.224568959594906,6.509168147227001,0.34740873936489725
0.5416666666666666,0.16666666666666666,3.2297321669020396,3.224535388703569,6.515503102286415,0.3428661697759352
0.5416666666666666,0.20833333333333331,3.228917819614725,3.224290369388758,6.518784548506039,0.34217426155272235
0.5416666666666666,0.25,3.227870050442647,3.224411874067771,6.522400637708387,0.3408254051444757
0.5416666666666666,0.29166666666666663,3.2271828045513495,3.2244534429173983,6.515484089505923,0.34409526102469934
0.5416666666666666,0.3333333333333333,3.226317738047501,3.2244561733360455,6.509934092405649,0.3499807849538986
0.5416666666666666,0.375,3.2258527439359885,3.224842637499643,6.499777509945851,0.3562692497895372
0.5416666666666666,0.41666666666666663,3.2252556601853377,3.224765047742934,6.484958192604232,0.36487721119470407
0.5416666666666666,0.4583333333333333,3.225050713123587,3.2249410815361332,6.470419133184828,0.3734617967714323
0.5416666666666666,0.5,3.2253804869613933,3.2254277560424867,6.451945385747958,0.38275750694729116
0.5416666666666666,0.5416666666666666,3.225295239097616,3.2252952390863423,6.441148956088085,0.3930072439990202
0.5416666666666666,0.5833333333333333,3.2252802112458476,3.2249618012571517,6.433004388464774,0.4032287515829508
0.5416666666666666,0.625,3.226190290163753,3.225345103796089,6.417111802153611,0.4112097355460922
0.5416666666666666,0.6666666666666666,3.227018699840117,3.2254313471109577,6.411070413248471,0.41723784171801837
0.5416666666666666,0.7083333333333333,3.2279940144035297,3.2254746624054267,6.407247069821015,0.42012623362987833
0.5416666666666666,0.75,3.2290287937162128,3.2254833536427117,6.407494490596729,0.4198888051916705
0.5416666666666666,0.7916666666666666,3.2299718978890826,3.2254350942605976,6.411182978133258,0.41653059317656516
0.5416666666666666,0.8333333333333333,3.2307698300937706,3.2253246431312768,6.41848173985669,0.41042288389128845
0.5416666666666666,0.875,3.2313170814103414,3.225199384496571,6.428261873828129,0.40146388764517127
0.5416666666666666,0.9166666666666666,3.2313212250252668,3.2255305066953337,6.436340457788722,0.3911497510466069
0.5416666666666666,0.9583333333333333,3.2313052104304263,3.22550082125058,6.451869580224354,0.38108933066757544
0.5416666666666666,1.0,3.231708162514632,3.225154203084267,6.470494927330046,0.3704405110888307
0.5833333333333333,0.0,3.231094136058459,3.2249888544372656,6.506736684919813,0.36708460360928574
0.5833333333333333,0.041666666666666664,3.230717666145704,3.224719714659514,6.530409522439058,0.3562173029643865
0.5833333333333333,0.08333333333333333,3.227906392892952,3.2253866601816763,6.591790556265826,0.3489988092382731
0.5833333333333333,0.125,3.227738111190553,3.2254006271443476,6.592923556689595,0.34523702423934555
0.5833333333333333,0.16666666666666666,3.2275299889570688,3.2254560327324016,6.593706949711368,0.34335162317263557
0.5833333333333333,0.20833333333333331,3.22710593287367,3.2253676246577254,6.593845688892976,0.34373234809270836
0.5833333333333333,0.25,3.226787555056232,3.2254023674154007,6.593723456211562,0.34359807394657604
0.5833333333333333,0.29166666666666663,3.226431435306829,3.2254183102128184,6.592921120603108,0.34481650845266687
0.5833333333333333,0.3333333333333333,3.226048084039759,3.2253949350358937,6.591753964553472,0.34877507021455
0.5833333333333333,0.375,3.2253595821198826,3.2245836797712775,6.531604644942192,0.35962457516356616
0.5833333333333333,0.41666666666666663,3.225133027149488,3.2248944775647974,6.505678108272276,0.36922603089455197
0.5833333333333333,0.4583333333333333,3.2250041418589386,3.22514284044162,6.480803642482414,0.3793475464504278
0.5833333333333333,0.5,3.225016840010244,3.225359836241957,6.453310699196621,0.39124118023925136
0.5833333333333333,0.5416666666666666,3.2249619867214436,3.2252803025559507,6.433002898660984,0.4032254258089064
0.5833333333333333,0.5833333333333333,3.2257365946331853,3.225736594638808,6.407067074715709,0.41436177248745665
0.5833333333333333,0.625,3.226485199803733,3.2259257401401493,6.390192127425699,0.42071031122651226
0.5833333333333333,0.6666666666666666,3.2274100002746318,3.2260496728339856,6.379546735412777,0.4268320058974746
0.5833333333333333,0.7083333333333333,3.2282731344826665,3.225942109700163,6.378221081584089,0.4286874236269207
0.5833333333333333,0.75,3.229387019564609,3.2259211037699944,6.382277841022388,0.4262474905956273
0.5833333333333333,0.7916666666666666,3.2302739752977234,3.225943748156894,6.390607481005025,0.41964300003707766
0.5833333333333333,0.8333333333333333,3.230863983166324,3.2256408406546644,6.407264270344912,0.4134690606148965
0.5833333333333333,0.875,3.2313233714088088,3.2255074318817765,6.427995288282466,0.4016522700121483
0.5833333333333333,0.9166666666666666,3.2317643154942486,3.2254044896579477,6.450484304610189,0.39090489903142367
0.5833333333333333,0.9583333333333333,3.2316691436260117,3.2252307027481333,6.4802753734629235,0.37749026954967635
0.5833333333333333,1.0,3.2310941360615852,3.224988854436879,6.506736684918003,0.36708460360659156
0.625,0.0,3.228064877861011,3.2256214123012668,6.5926395568423075,0.3589095340075973
0.625,0.041666666666666664,3.228185667243826,3.225798375565634,6.595199032578675,0.3531764110485861
0.625,0.08333333333333333,3.228082017623437,3.2257627560634026,6.597309440955906,0.34830274547173645
0.625,0.125,3.2278683019239622,3.225707949613559,6.598866866239073,0.3462633353625586
0.625,0.16666666666666666,3.227556160908173,3.2256809574934437,6.5995329907379965,0.3454354728070166
0.625,0.20833333333333331,3.2272298503985968,3.2256822039415076,6.599527501556931,0.34557751008599513
0.625,0.25,3.2268958752242005,3.2257153566429606,6.598736804326528,0.34660570771226296
0.625,0.29166666666666663,3.2266234276089603,3.2258266485748335,6.597302122929779,0.3473623652500082
0.625,0.3333333333333333,3.226173107396135,3.2257282432456633,6.595138323052247,0.35272604189953916
0.625,0.375,3.2257481673390433,3.2256145942727903,6.592618679264126,0.35881948839502953
0.625,0.41666666666666663,3.2250294027912374,3.2252525782672117,6.523927096092992,0.37150391222002477
0.625,0.4583333333333333,3.224882002621977,3.2255285751319427,6.487482486314818,0.38515296610543837
0.625,0.5,3.2249300875098097,3.225804787034381,6.450880367502,0.39852482502233333
0.625,0.5416666666666666,3.2253451294606275,3.226190262222175,6.417111882016448,0.4112097502755052
0.625,0.5833333333333333,3.225925771883446,3.2264851648661903,6.39019217169608,0.42071028777534225
0.625,0.625,3.2266292632529345,3.2266292632555404,6.371429276609627,0.431072989292562
0.625,0.6666666666666666,3.2276064171795205,3.2267381783566984,6.359803321287801,0.43588303574579146
0.625,0.7083333333333333,3.2286149048588157,3.226710856527721,6.360122867302698,0.4357337342135609
0.625,0.75,3.2295293312800464,3.2265543083353876,6.371087975351557,0.43011405047924045
0.625,0.7916666666666666,3.230266991513882,3.2265194372436232,6.390292165734431,0.41962530679619314
0.625,0.8333333333333333,3.230749975013274,3.2261675572189805,6.418573727334186,0.41070272651357576
0.625,0.875,3.2310718299108645,3.2258155896132514,6.450869479586222,0.39818545740933065
0.625,0.9166666666666666,3.2311914267006294,3.225530661606458,6.485678214012028,0.38562823202847574
0.625,0.9583333333333333,3.230914158838862,3.225270039450123,6.523631412881564,0.3714371598356182
0.625,1.0,3.2280648778614296,3.225621412301613,6.592639556844228,0.35890953400403847
0.6666666666666666,0.0,3.2283246518781237,3.2261947265248274,6.5982669951471244,0.3565127707007276
0.6666666666666666,0.041666666666666664,3.2282451501155123,3.226087640829715,6.601459863090518,0.35169495647978244
0.6666666666666666,0.08333333333333333,3.2288270913844346,3.2247789933947586,6.667257317416082,0.34123737023294987
0.6666666666666666,0.125,3.228058475611774,3.224668129978509,6.681854937090904,0.33888567196652297
0.6666666666666666,0.16666666666666666,3.227451675189328,3.224667282917829,6.685730218722826,0.3382533857530191
0.6666666666666666,0.20833333333333331,3.226995472380209,3.224642982422573,6.681277376016025,0.34086543565978245
0.6666666666666666,0.25,3.226482289595538,3.2247766685406183,6.66801627447092,0.34394609789249575
0.6666666666666666,0.29166666666666663,3.22656561666179,3.226040667010038,6.601644379020724,0.3509426611991917
0.6666666666666666,0.3333333333333333,3.2263075235674608,3.2261488904631364,6.598233405467349,0.3564266433960913
0.6666666666666666,0.375,3.2258866429215733,3.226033249443911,6.594807256653887,0.36265740174382577
0.6666666666666666,0.41666666666666663,3.2249250522516864,3.2257631588771134,6.537659189450071,0.37492925649057796
0.6666666666666666,0.4583333333333333,3.224775727457912,3.2260925136317216,6.493226355371171,0.390662371437986
0.6666666666666666,0.5,3.2250230449325876,3.226581261691927,6.449204790490963,0.4029772344215631
0.6666666666666666,0.5416666666666666,3.225431383047111,3.2270186603779156,6.411070523521609,0.41723787402795054
0.6666666666666666,0.5833333333333333,3.226049724185448,3.2274099476960894,6.379546768100491,0.42683200319965
0.6666666666666666,0.625,3.2267384398505246,3.227606467636947,6.359803333195675,0.43588234586370656
0.6666666666666666,0.6666666666666666,3.2278832589088493,3.22788325892591,6.343626903024944,0.4384058609320395
0.6666666666666666,0.7083333333333333,3.228615630745416,3.2275822519636757,6.360459167423391,0.43573575008673415
0.6666666666666666,0.75,3.2293634611650406,3.2273002332649665,6.382154580362515,0.4265881962977467
0.6666666666666666,0.7916666666666666,3.2299724559767893,3.2270259361222844,6.41152582864277,0.4168599241576232
0.6666666666666666,0.8333333333333333,3.230380073873931,3.2266155225295345,6.446864921662302,0.40292835008219796
0.6666666666666666,0.875,3.230401122973852,3.2260570134507187,6.492819779552077,0.39017126304634986
0.6666666666666666,0.9166666666666666,3.230453011076496,3.2257458991745698,6.536808961794694,0.37592513928399207
0.6666666666666666,0.9583333333333333,3.228063507327036,3.2259721319539256,6.594771139586047,0.3629126305244502
0.6666666666666666,1.0,3.2283246518789643,3.22619472652568,6.598266995147416,0.3565127706859723
0.7083333333333333,0.0,3.228840492554433,3.225255679881265,6.681710203321776,0.3469998203297664
0.7083333333333333,0.041666666666666664,3.2280845954514836,3.225068761206141,6.708473906380055,0.3414051913392956
0.7083333333333333,0.08333333333333333,3.227790693297675,3.2249378370042154,6.730367221285265,0.3397297627245587
0.7083333333333333,0.125,3.227254599915671,3.224738908476838,6.73966015721223,0.33940976784515076
0.7083333333333333,0.16666666666666666,3.2269068721183003,3.224885622188332,6.7400612284335715,0.33825039745730545
0.7083333333333333,0.20833333333333331,3.2263373577911056,3.2247734313255942,6.730506347860732,0.34082334691720906
0.7083333333333333,0.25,3.2262703904914747,3.2252862216499167,6.7098369495087535,0.3401211445205309
0.7083333333333333,0.29166666666666663,3.2256343994151067,3.2252733025234073,6.680184071093498,0.3474595797048985
0.7083333333333333,0.3333333333333333,3.226293748176887,3.226467938627737,6.601076728352096,0.3587314120410928
0.7083333333333333,0.375,3.225894446644546,3.2263745609778427,6.596475514361044,0.3660593094410626
0.7083333333333333,0.41666666666666663,3.2253978881831333,3.2261262242215993,6.59168806599426,0.3745348078413683
0.7083333333333333,0.4583333333333333,3.2248012690242156,3.226887199181334,6.496003005280633,0.3930248178119963
0.7083333333333333,0.5,3.2250418732848534,3.2274553462668036,6.448199286029103,0.40585842071137934
0.7083333333333333,0.5416666666666666,3.2254746964655974,3.2279939715052097,6.407247256791216,0.4201263126955047
0.7083333333333333,0.5833333333333333,3.225942181684984,3.2282730957508425,6.37822108537719,0.4286874204657476
0.7083333333333333,0.625,3.2267109441524453,3.228614815658108,6.360122861925307,0.4357337239670901
0.7083333333333333,0.6666666666666666,3.2275823397328183,3.2286155415582862,6.360459174535098,0.43573539164625597
0.7083333333333333,0.7083333333333333,3.228358815445622,3.228358815473777,6.378246180750569,0.4292270219555926
0.7083333333333333,0.75,3.229022083992174,3.22800215698031,6.40778638016482,0.42047584326508114
0.7083333333333333,0.7916666666666666,3.2293911409313054,3.2274507230273146,6.4486817088382455,0.4060100151164693
0.7083333333333333,0.8333333333333333,3.2297654400445346,3.227007570960508,6.493282552145205,0.39252841408468253
0.7083333333333333,0.875,3.227488074022038,3.226116072001615,6.591691772475562,0.37482761886210236
0.7083333333333333,0.9166666666666666,3.227929712787538,3.2263391228664045,6.59651944914294,0.36775322675856703
0.7083333333333333,0.9583333333333333,3.2282914042874142,3.2265494624012043,6.600843963110481,0.35963503269568686
0.7083333333333333,1.0,3.228840492554924,3.225255679880825,6.6817102033394615,0.3469998203344872
0.75,0.0,3.227939347518115,3.225535052278183,6.744224191510552,0.34125007248394923
0.75,0.041666666666666664,3.2275992164219134,3.22528788506883,6.77002817733247,0.33871316289119024
0.75,0.08333333333333333,3.2272681451058505,3.2252265626494308,6.785312490511494,0.335812720822667
0.75,0.125,3.226844299007681,3.225180752489227,6.79150695042323,0.33464523568983107
0.75,0.16666666666666666,3.22654786308677,3.2252118831694707,6.785620850181479,0.33543926215639297
0.75,0.20833333333333331,3.2262175048475203,3.2253487630446673,6.770088496773322,0.3383041693572272
0.75,0.25,3.2258259346572764,3.225490572923483,6.744918497456139,0.3414927308701716
0.75,0.29166666666666663,3.225377953589682,3.225668903196218,6.7087332316696155,0.3479610340145627
0.75,0.3333333333333333,3.2249896961524525,3.2259993957417312,6.663230763252994,0.3576651738857769
0.75,0.375,3.225821286606503,3.226669127964544,6.59766929457879,0.36969632502886285
0.75,0.41666666666666663,3.2254373332707225,3.226525744014286,6.592281694183239,0.3764016163134586
0.75,0.4583333333333333,3.2247843172444526,3.227759514654093,6.497568990275642,0.3943715314889259
0.75,0.5,3.2250393538778495,3.228340767087697,6.4479867587414965,0.40705184741398526
0.75,0.5416666666666666,3.2254833930662645,3.2290287541564915,6.407494563588402,0.41988884929526393
0.75,0.5833333333333333,3.225921171845757,3.229386956475599,6.382278068354916,0.426247519579536
0.75,0.625,3.2265543536253842,3.22952929078729,6.371087715920037,0.4301136564712543
0.75,0.6666666666666666,3.2273003037451944,3.2293633954483623,6.382154553379454,0.426587858524043
0.75,0.7083333333333333,3.228002191920053,3.229022049941131,6.407786388596898,0.42047547871522806
0.75,0.75,3.2284222215987692,3.2284222216328153,6.448332356450553,0.4076349385903262
0.75,0.7916666666666666,3.228685904946542,3.2277598389836277,6.498050793295667,0.3950348356261395
0.75,0.8333333333333333,3.2272198540910666,3.226512160357796,6.592254771623912,0.3764569596784254
0.75,0.875,3.2276972823050754,3.226697287997991,6.597584218320957,0.3708897271131465
0.75,0.9166666666666666,3.228491857758711,3.226063240197147,6.662237558679335,0.35710669772405035
0.75,0.9583333333333333,3.228255395674214,3.2256940038040387,6.7085919776635645,0.34778777392332794
0.75,1.0,3.2279393475180185,3.2255350522778,6.74422419151745,0.34125007248858785
0.7916666666666666,0.0,3.2273676072897004,3.225732936269571,6.800064391803108,0.33544558786105827
0.7916666666666666,0.041666666666666664,3.2270496429078266,3.2255287270887405,6.821183021132166,0.3324017312381723
0.7916666666666666,0.08333333333333333,3.2268236166474416,3.2254996184891636,6.830457039371094,0.3307396625655493
0.7916666666666666,0.125,3.2265636374329456,3.2255012875957116,6.830403336927443,0.3305323402754594
0.7916666666666666,0.16666666666666666,3.226269768810582,3.2255478558904747,6.820147887638344,0.33228020265181435
0.7916666666666666,0.20833333333333331,3.225953286058962,3.2256730362307926,6.7999618492911456,0.33592815728305325
0.7916666666666666,0.25,3.2256405268807993,3.225904900792324,6.767969553529531,0.34166992780410477
0.7916666666666666,0.29166666666666663,3.2253111029818102,3.2262330855264354,6.726187791928773,0.3472393134752826
0.7916666666666666,0.3333333333333333,3.225064988330941,3.2267104018309745,6.673893834485762,0.3574909367975361
0.7916666666666666,0.375,3.2258235172052947,3.2270350492395776,6.598194169421799,0.3711557795701991
0.7916666666666666,0.41666666666666663,3.22545039254453,3.226887410595473,6.592379642971899,0.3767817280382675
0.7916666666666666,0.4583333333333333,3.224784892329472,3.2286863645474733,6.497691239380359,0.39411357787697276
0.7916666666666666,0.5,3.2250509423405775,3.2293982463785467,6.4484485497664945,0.40545031823225974
0.7916666666666666,0.5416666666666666,3.225435122812445,3.2299718733886293,6.4111830701665,0.4165306366486382
0.7916666666666666,0.5833333333333333,3.2259438306381933,3.230273989690614,6.3906075134248255,0.41964249867037073
0.7916666666666666,0.625,3.2265194631138083,3.2302669779836943,6.390292204849162,0.41962497641140895
0.7916666666666666,0.6666666666666666,3.2270259696644397,3.229972425566873,6.411525859838756,0.41685956865323737
0.7916666666666666,0.7083333333333333,3.2274507438271223,3.229391121292029,6.448681738046865,0.4060096342874904
0.7916666666666666,0.75,3.2277598745680836,3.228685871308573,6.498050813466474,0.39503440689361013
0.7916666666666666,0.7916666666666666,3.2268748175333424,3.226874817536041,6.592438652066441,0.3777746530418983
0.7916666666666666,0.8333333333333333,3.2273452078816285,3.2270028836780025,6.5982182591371945,0.3731955235519745
0.7916666666666666,0.875,3.227910244581426,3.2266446125916364,6.6747047924475,0.357827112506387
0.7916666666666666,0.9166666666666666,3.2277664256233503,3.226206026229803,6.726854716832012,0.3479905615584403
0.7916666666666666,0.9583333333333333,3.2275410394076847,3.2258999879165504,6.767852532314432,0.34121903320969105
0.7916666666666666,1.0,3.2273676072904727,3.225732936270199,6.800064391827766,0.3354455878309113
0.8333333333333333,0.0,3.226951559605359,3.225960001821704,6.846330465722634,0.3294391016239764
0.8333333333333333,0.041666666666666664,3.2268059668818183,3.2258898746172773,6.8624776251473865,0.3265521590621854
0.8333333333333333,0.08333333333333333,3.2264381199555734,3.225717215216977,6.8666405138600215,0.32692719525890745
0.8333333333333333,0.125,3.226295150304179,3.2257563187262095,6.864701736323749,0.32667266429645425
0.8333333333333333,0.16666666666666666,3.226060893024285,3.2258470718720886,6.846375192540233,0.3304322757728433
0.8333333333333333,0.20833333333333331,3.225842419312698,3.226064019377726,6.820899636672184,0.3333997381943683
0.8333333333333333,0.25,3.225497919662922,3.2262747010001083,6.782618352029457,0.34139761486750597
0.8333333333333333,0.29166666666666663,3.2252458298837565,3.2267289853668357,6.7355861867893125,0.3476836360264517
0.8333333333333333,0.3333333333333333,3.2249838783616256,3.22725217887759,6.678490773589379,0.35744185517980187
0.8333333333333333,0.375,3.225938496620812,3.2274880990019,6.59826552885518,0.36946415529293164
0.8333333333333333,0.41666666666666663,3.2254315503445916,3.227227016103208,6.592271789000744,0.37634277773971425
0.8333333333333333,0.4583333333333333,3.224790071979068,3.2295824156656106,6.496284736227176,0.39219076534111064
0.8333333333333333,0.5,3.2250200672894627,3.230293405244087,6.449613764722114,0.4020172207237649
0.8333333333333333,0.5416666666666666,3.2253246557592448,3.2307698253479757,6.4184818486678665,0.4104225691125577
0.8333333333333333,0.5833333333333333,3.2256408348082934,3.2308640081815576,6.4072643734112,0.41346865899804086
0.8333333333333333,0.625,3.226167569720025,3.2307499749783646,6.418573781438086,0.4107023532850327
0.8333333333333333,0.6666666666666666,3.226615540372801,3.2303800546471506,6.446864982650858,0.4029279801943809
0.8333333333333333,0.7083333333333333,3.227007592591548,3.2297654033769914,6.49328258597016,0.3925280996145406
0.8333333333333333,0.75,3.2265121481868464,3.2272198680620585,6.592254775201155,0.3764565323197382
0.8333333333333333,0.7916666666666666,3.2270028718829002,3.2273452208814417,6.598218260622806,0.3731951007452077
0.8333333333333333,0.8333333333333333,3.2273892543349105,3.2273892543713703,6.67923299048304,0.3587654374651268
0.8333333333333333,0.875,3.2272364029599925,3.226716461779638,6.735035513887073,0.3486288912850055
0.8333333333333333,0.9166666666666666,3.2271367176266224,3.226318820530236,6.782772520167882,0.34102442320316495
0.8333333333333333,0.9583333333333333,3.2270143667097186,3.2260455076882186,6.819279639839049,0.3352190147091513
0.8333333333333333,1.0,3.226951559607001,3.2259600018232595,6.846330465891501,0.3294391015984113
0.875,0.0,3.2264682030132805,3.225925913219231,6.883205640876412,0.3260882767667487
0.875,0.041666666666666664,3.2263893550816607,3.2258890232277775,6.892275226948932,0.32418243437843364
0.875,0.08333333333333333,3.226359140386487,3.2259891577207784,6.893197608194052,0.3228883476337042
0.875,0.125,3.226144118142062,3.2259886076791537,6.882275640331178,0.3248064186058244
0.875,0.16666666666666666,3.226074031053008,3.2262446372207165,6.861546684833073,0.3277039281765429
0.875,0.20833333333333331,3.2257570197126517,3.2263824677223845,6.829140790788001,0.3337137088114521
0.875,0.25,3.225507952926008,3.226680421107233,6.788598038725937,0.3397792107908708
0.875,0.29166666666666663,3.2252829101953306,3.2272766684131766,6.734291037364445,0.34760456272630036
0.875,0.3333333333333333,3.2250618555966017,3.2279268735312736,6.673277314969141,0.3569993677989485
0.875,0.375,3.2258803943897107,3.2277219567812905,6.59761716933059,0.3689350613733301
0.875,0.41666666666666663,3.2254095565577017,3.2275076048626374,6.591637011255791,0.3738381404446205
0.875,0.4583333333333333,3.224732346736485,3.230333156476213,6.493787898037217,0.3894842365060809
0.875,0.5,3.224927609338319,3.2310568721099604,6.451231988508262,0.3976097751145463
0.875,0.5416666666666666,3.225199371183115,3.2313171106831553,6.428261998430802,0.4014635069255571
0.875,0.5833333333333333,3.2255074239194843,3.2313234127635164,6.427995282282033,0.40165179521526384
0.875,0.625,3.22581560389123,3.2310718238450398,6.450869574114172,0.39818503892854107
0.875,0.6666666666666666,3.226057038080533,3.23040108920848,6.492819951254848,0.3901708783697576
0.875,0.7083333333333333,3.2261160611214748,3.2274880869369826,6.591691782441098,0.3748271899406248
0.875,0.75,3.226697277807954,3.227697296860344,6.5975842244173375,0.3708892466195791
0.875,0.7916666666666666,3.2266446345300013,3.2279102223385507,6.6747048274572816,0.35782669539659784
0.875,0.8333333333333333,3.2267164851779757,3.2272363392184404,6.735039653028707,0.34862540290195576
0.875,0.875,3.22667676302724,3.226676763055049,6.792400068007744,0.33956028628383006
0.875,0.9166666666666666,3.2267046953758927,3.2263843710388036,6.82986514315928,0.33397020622002815
0.875,0.9583333333333333,3.2266198432976667,3.2261408661660425,6.864855209700844,0.3283180876252162
0.875,1.0,3.2264682030132223,3.2259259132187488,6.883205640881187,0.3260882767704395
0.9166666666666666,0.0,3.2263355800316567,3.226095233385053,6.907867805742502,0.3219674301947273
0.9166666666666666,0.041666666666666664,3.2261434234811284,3.2259757185563585,6.912610807896677,0.32166619480134706
0.9166666666666666,0.08333333333333333,3.226188816199155,3.226086654745632,6.906633780470727,0.3221509791290621
0.9166666666666666,0.125,3.226132305844655,3.2262501362921925,6.893715199207737,0.3239024541711366
0.9166666666666666,0.16666666666666666,3.2259478760689926,3.2263461553488213,6.866351330053286,0.3279220727068982
0.9166666666666666,0.20833333333333331,3.2257308206130446,3.22664287423294,6.834220467405354,0.332145415062143
0.9166666666666666,0.25,3.22540534543541,3.2270160186509678,6.785867882327068,0.34056141090166514
0.9166666666666666,0.29166666666666663,3.225321991042189,3.2278187969178878,6.72642419252651,0.3466040947874369
0.9166666666666666,0.3333333333333333,3.2251710729683207,3.2285629313308046,6.66146526475794,0.35609658536665756
0.9166666666666666,0.375,3.225904012962556,3.22796514261509,6.596491965339796,0.3656750899380323
0.9166666666666666,0.41666666666666663,3.2253572450524164,3.2276979077394943,6.590799903937809,0.3710105819288514
0.9166666666666666,0.4583333333333333,3.2250734407253256,3.2312396514900605,6.483684893954662,0.3829252773054328
0.9166666666666666,0.5,3.2250920515190282,3.2317977503410833,6.451312519405533,0.3899991366726612
0.9166666666666666,0.5416666666666666,3.22553044425212,3.23132132704432,6.436340739413076,0.39114926718171594
0.9166666666666666,0.5833333333333333,3.2254044809057842,3.2317643474499858,6.450484427428744,0.3909044687670532
0.9166666666666666,0.625,3.2255306767708616,3.2311914207217263,6.485678268416736,0.38562784723558097
0.9166666666666666,0.6666666666666666,3.225745479907335,3.2304527787864603,6.536810919680958,0.3759361116620711
0.9166666666666666,0.7083333333333333,3.2263391118364257,3.2279297270375538,6.596519479015452,0.3677526862764898
0.9166666666666666,0.75,3.226063321763713,3.228491892262527,6.66224037781433,0.3571074836324927
0.9166666666666666,0.7916666666666666,3.2262060464512814,3.227766406431342,6.726854789172098,0.34798994892670465
0.9166666666666666,0.8333333333333333,3.226319024068475,3.227136797437876,6.782768462104187,0.3410234825459775
0.9166666666666666,0.875,3.226384395602962,3.2267046589662556,6.829864439942096,0.3339704995993975
0.9166666666666666,0.9166666666666666,3.2263854898746374,3.226385489897875,6.869622764901171,0.32804781608867395
0.9166666666666666,0.9583333333333333,3.2263145274072658,3.226136623073219,6.892737007009481,0.32520717348580874
0.9166666666666666,1.0,3.2263355800270417,3.2260952333796693,6.907867805685131,0.32196742998497574
0.9583333333333333,0.0,3.2263153912253384,3.2262440146573677,6.919305899043557,0.3202716895029556
0.9583333333333333,0.041666666666666664,3.2261038596105625,3.22603934857348,6.917838105920994,0.3215660220582167
0.9583333333333333,0.08333333333333333,3.2261498533611435,3.2261685675632714,6.911586342824041,0.32107293236331336
0.9583333333333333,0.125,3.2260790174238894,3.22637747123592,6.893392630785632,0.32417725710630096
0.9583333333333333,0.16666666666666666,3.2260074945882895,3.226665965058311,6.861479447782889,0.32742032578906277
0.9583333333333333,0.20833333333333331,3.2258313697777394,3.227021284398399,6.821339652488161,0.3339411433977386
0.9583333333333333,0.25,3.225712799892711,3.227625725780067,6.767469518199563,0.340183285577658
0.9583333333333333,0.29166666666666663,3.2253826683907483,3.228259132034296,6.708225971123184,0.34768248579119976
0.9583333333333333,0.3333333333333333,3.2262490801686576,3.228243227655805,6.60169670980574,0.35738783553022835
0.9583333333333333,0.375,3.225853608074757,3.228061872816808,6.594813844605017,0.36286288817967605
0.9583333333333333,0.41666666666666663,3.2250818085245463,3.2309558218837466,6.524125584468642,0.36965207878976725
0.9583333333333333,0.4583333333333333,3.22505739128955,3.2317239589560556,6.480590666605835,0.3780173770371751
0.9583333333333333,0.5,3.2252901065418715,3.231563151735659,6.453358223290936,0.3812867453670087
0.9583333333333333,0.5416666666666666,3.225500735709423,3.2313053604737654,6.451869619923375,0.3810887561713501
0.9583333333333333,0.5833333333333333,3.2252306983525476,3.231669164350316,6.48027546573555,0.37748982092812855
0.9583333333333333,0.625,3.2252700415561444,3.230914166192969,6.523631494973689,0.37143667487419807
0.9583333333333333,0.6666666666666666,3.2259721237652648,3.2280635242371627,6.594771150364911,0.36291257636497676
0.9583333333333333,0.7083333333333333,3.2265495272620672,3.2282914973943093,6.600844087231055,0.3596360036589501
0.9583333333333333,0.75,3.2256940363966757,3.2282553648942858,6.708592418491767,0.3477870327746331
0.9583333333333333,0.7916666666666666,3.225900665198196,3.2275418175980057,6.767880394343434,0.34119916192720245
0.9583333333333333,0.8333333333333333,3.226045530304096,3.227014337971463,6.819279759384969,0.3352189645805801
0.9583333333333333,0.875,3.2261408992540677,3.2266198412056704,6.864855460245442,0.3283175539079005
0.9583333333333333,0.9166666666666666,3.2261365678081737,3.226314437322742,6.892737386633188,0.32520822264385196
0.9583333333333333,0.9583333333333333,3.226079667485751,3.226079667514696,6.9088226272554145,0.32253249790768546
0.9583333333333333,1.0,3.226315391199264,3.2262440146342777,6.919305898815248,0.32027169001583256
1.0,0.0,3.2262304611375825,3.2262304611526815,6.932715182325973,0.3180900892054802
1.0,0.041666666666666664,3.2260611540218505,3.226080139624263,6.918182365108178,0.3221316968724286
1.0,0.08333333333333333,3.2262258681225595,3.226371300753226,6.907318163738623,0.32178085250424204
1.0,0.125,3.2261599960264333,3.2265547876402105,6.882219419441416,0.3246806797835692
1.0,0.16666666666666666,3.2261400970726117,3.2269155292617397,6.845195818542123,0.3296952795857606
1.0,0.20833333333333331,3.225977837089792,3.2273306420933308,6.799974311523441,0.33549050661032187
1.0,0.25,3.225725888995373,3.227863350336568,6.743029555426645,0.34337627815224336
1.0,0.29166666666666663,3.22562283178556,3.2287087237025456,6.680004597650171,0.3467319686955672
1.0,0.3333333333333333,3.226354001500282,3.2283285952560234,6.598238318837517,0.3559351722275197
1.0,0.375,3.225764471306306,3.2280492011906774,6.592751661868437,0.3586357995289319
1.0,0.41666666666666663,3.2252204233408563,3.231302835423169,6.506360753355274,0.36604658558378034
1.0,0.4583333333333333,3.225237521825775,3.231694072157516,6.470931290046371,0.37038747843985065
1.0,0.5,3.2255236936216205,3.2306227141102806,6.4575132151648305,0.37334412347961843
1.0,0.5416666666666666,3.225154168110175,3.231708251418373,6.470495185971519,0.37044001022247897
1.0,0.5833333333333333,3.2249888689068333,3.231094199638332,6.506737236590052,0.3670843719244037
1.0,0.625,3.2256213907575217,3.228064877056721,6.5926395561231,0.35890947975747
1.0,0.6666666666666666,3.226194727498059,3.2283246756436643,6.598266989237331,0.35651260488515457
1.0,0.7083333333333333,3.2252557695708584,3.228840480419599,6.681711571718228,0.3469981452611858
1.0,0.75,3.225535067057168,3.2279393231495987,6.744224332912088,0.34124961519111796
1.0,0.7916666666666666,3.225732967825298,3.2273675736756227,6.8000643365296245,0.33544557796695085
1.0,0.8333333333333333,3.2259601213315805,3.226951621390348,6.846336518317809,0.32943802697342484
1.0,0.875,3.225925945466339,3.226468196622431,6.883205699591073,0.32608803472777625
1.0,0.9166666666666666,3.2260952741134634,3.2263355808694034,6.907868166593525,0.32196749201544894
1.0,0.9583333333333333,3.226244134857778,3.226315493097232,6.919306724644086,0.32026931657122004
1.0,1.0,3.2262304611366392,3.22623046115182,6.93271518236293,0.3180900891665924
